t,regime,gate_id,offx_raw,offx_sm,offy_sm,dist,des_roll,des_climb,lean,roll,alt
0.004,V-TRACK 0%,-1,-0.003,-0.003,0.269,19.6,0.013,0.00,0.010,-0.000,-0.0
0.008,V-TRACK 0%,-1,-0.003,-0.003,0.269,19.6,0.013,0.00,0.020,-0.000,-0.0
0.012,V-TRACK 0%,-1,-0.003,-0.003,0.269,19.6,0.013,0.00,0.030,-0.000,-0.0
0.016,V-TRACK 0%,-1,-0.002,-0.002,0.269,19.6,0.013,0.00,0.040,-0.000,-0.0
0.020,V-TRACK 0%,-1,-0.002,-0.002,0.269,19.6,0.013,0.00,0.050,-0.000,-0.0
0.024,V-TRACK 0%,-1,-0.002,-0.002,0.269,19.6,0.013,0.00,0.060,-0.000,-0.0
0.028,V-TRACK 0%,-1,-0.002,-0.002,0.269,19.6,0.013,0.00,0.070,-0.000,-0.0
0.032,V-TRACK 0%,-1,-0.006,-0.004,0.269,19.6,0.013,0.00,0.080,-0.000,-0.0
0.036,V-TRACK 0%,-1,-0.006,-0.005,0.269,19.6,0.013,0.00,0.090,-0.000,-0.0
0.040,V-TRACK 0%,-1,-0.006,-0.006,0.269,19.6,0.013,0.00,0.100,-0.000,-0.0
0.044,V-TRACK 0%,-1,-0.006,-0.006,0.269,19.6,0.013,0.00,0.110,-0.000,-0.0
0.048,V-TRACK 0%,-1,-0.006,-0.006,0.269,19.6,0.013,0.00,0.120,-0.000,-0.0
0.052,V-TRACK 0%,-1,-0.006,-0.006,0.269,19.6,0.013,0.00,0.130,-0.000,-0.0
0.056,V-TRACK 0%,-1,-0.006,-0.006,0.269,19.6,0.013,0.00,0.140,-0.000,-0.0
0.060,V-TRACK 0%,-1,-0.006,-0.006,0.269,19.6,0.013,0.00,0.150,-0.000,-0.0
0.064,V-TRACK 0%,-1,-0.006,-0.006,0.269,19.6,0.013,0.00,0.160,-0.000,-0.0
0.068,V-TRACK 0%,-1,-0.006,-0.006,0.269,19.6,0.013,0.00,0.170,-0.000,-0.0
0.072,V-TRACK 0%,-1,-0.006,-0.006,0.269,19.6,0.013,0.00,0.180,-0.000,-0.0
0.076,V-TRACK 0%,-1,-0.006,-0.006,0.269,19.6,0.013,0.00,0.190,-0.000,-0.0
0.080,V-TRACK 0%,-1,-0.006,-0.006,0.269,19.6,0.013,0.00,0.200,-0.000,-0.0
0.084,V-TRACK 0%,-1,-0.006,-0.006,0.269,19.6,0.013,0.00,0.210,-0.000,-0.0
0.088,V-TRACK 0%,-1,-0.006,-0.006,0.269,19.6,0.013,0.00,0.220,-0.000,-0.0
0.092,V-TRACK 0%,-1,-0.006,-0.006,0.269,19.6,0.013,0.00,0.230,-0.000,-0.0
0.096,V-TRACK 0%,-1,-0.006,-0.006,0.269,19.6,0.013,0.00,0.240,-0.000,-0.0
0.100,V-TRACK 0%,-1,-0.006,-0.006,0.269,19.6,0.013,0.00,0.250,-0.000,-0.0
0.104,V-TRACK 0%,-1,-0.006,-0.006,0.269,19.6,0.013,0.00,0.260,-0.000,-0.0
0.108,V-TRACK 0%,-1,-0.006,-0.006,0.269,19.6,0.013,0.00,0.270,-0.000,-0.0
0.112,V-TRACK 0%,-1,-0.006,-0.006,0.269,19.6,0.013,0.00,0.280,-0.000,-0.0
0.116,V-TRACK 0%,-1,-0.006,-0.006,0.269,19.6,0.013,0.00,0.290,-0.000,-0.0
0.120,V-TRACK 0%,-1,-0.006,-0.006,0.269,19.6,0.013,0.00,0.300,-0.000,-0.0
0.124,V-TRACK 0%,-1,-0.006,-0.006,0.269,19.6,0.014,-0.01,0.310,-0.000,-0.0
0.128,V-TRACK 0%,-1,-0.006,-0.006,0.299,19.4,0.014,-0.01,0.320,-0.000,-0.0
0.132,V-TRACK 0%,-1,-0.006,-0.006,0.313,19.3,0.014,-0.01,0.330,-0.000,-0.0
0.136,V-TRACK 0%,-1,-0.006,-0.006,0.320,19.3,0.014,-0.14,0.340,0.013,0.0
0.140,V-TRACK 0%,-1,-0.006,-0.006,0.324,19.2,0.014,0.00,0.350,0.013,0.0
0.144,V-TRACK 0%,-1,-0.006,-0.006,0.326,19.2,0.014,0.00,0.360,0.013,0.0
0.148,V-TRACK 0%,-1,-0.006,-0.006,0.327,19.2,0.014,0.00,0.370,0.013,0.0
0.152,V-TRACK 0%,-1,-0.011,-0.009,0.379,19.2,0.010,-0.05,0.360,0.016,0.0
0.156,V-TRACK 0%,-1,-0.011,-0.010,0.405,19.2,0.010,-0.05,0.350,0.016,0.0
0.160,V-TRACK 0%,-1,-0.011,-0.010,0.418,19.2,0.010,0.00,0.340,0.016,0.0
0.164,V-TRACK 0%,-1,0.053,0.021,0.459,17.2,0.007,0.00,0.330,0.017,0.1
0.168,V-TRACK 0%,-1,0.053,0.037,0.479,16.2,0.007,0.00,0.320,0.017,0.1
0.172,V-TRACK 0%,-1,0.052,0.044,0.431,16.1,0.007,0.00,0.310,0.017,0.1
0.176,V-TRACK 0%,-1,0.052,0.048,0.407,16.0,0.005,-0.07,0.300,0.016,0.1
0.180,V-TRACK 0%,-1,0.052,0.050,0.395,16.0,0.005,0.00,0.290,0.016,0.1
0.184,V-TRACK 0%,-1,0.052,0.051,0.389,16.0,0.005,0.00,0.280,0.013,0.1
0.188,V-TRACK 0%,-1,0.048,0.050,0.354,15.9,0.002,-0.05,0.270,0.013,0.1
0.192,V-TRACK 0%,-1,0.048,0.049,0.337,15.8,0.002,-0.05,0.260,0.013,0.1
0.196,V-TRACK 0%,-1,0.045,0.047,0.314,15.9,0.002,-0.05,0.250,0.008,0.1
0.200,V-TRACK 0%,-1,0.045,0.046,0.303,15.9,0.000,0.00,0.240,0.008,0.1
0.204,V-TRACK 0%,-1,0.045,0.046,0.297,16.0,0.000,0.00,0.230,0.008,0.1
0.208,V-TRACK 0%,-1,-0.017,0.014,0.264,18.0,0.000,0.00,0.220,0.004,0.1
0.212,V-TRACK 0%,-1,-0.017,-0.001,0.247,19.1,-0.001,-0.07,0.210,0.004,0.1
0.216,V-TRACK 0%,-1,-0.017,-0.009,0.239,19.6,-0.001,-0.07,0.200,0.004,0.1
0.220,V-TRACK 0%,-1,-0.019,-0.014,0.254,19.6,-0.003,-0.14,0.190,0.001,0.1
0.224,V-TRACK 0%,-1,-0.019,-0.016,0.262,19.6,-0.002,0.00,0.180,0.001,0.1
0.228,V-TRACK 0%,-1,-0.019,-0.018,0.266,19.6,-0.003,-0.07,0.170,-0.001,0.2
0.232,V-TRACK 0%,-1,0.045,0.014,0.336,17.8,-0.003,-0.07,0.160,-0.001,0.2
0.236,V-TRACK 0%,-1,0.045,0.030,0.371,16.9,-0.003,-0.07,0.150,-0.001,0.2
0.240,V-TRACK 0%,-1,-0.019,0.005,0.376,18.3,-0.004,-0.14,0.140,-0.003,0.2
0.244,V-TRACK 0%,-1,-0.019,-0.007,0.378,19.0,-0.004,0.00,0.130,-0.003,0.2
0.248,V-TRACK 0%,-1,-0.019,-0.013,0.379,19.3,-0.004,0.00,0.120,-0.003,0.2
0.252,V-TRACK 0%,-1,-0.022,-0.017,0.409,19.7,-0.004,-0.06,0.110,-0.004,0.2
0.256,V-TRACK 0%,-1,-0.022,-0.020,0.424,19.9,-0.004,-0.06,0.100,-0.004,0.2
0.260,V-TRACK 0%,-1,-0.022,-0.021,0.431,20.0,-0.004,-0.06,0.090,-0.004,0.2
0.264,V-TRACK 0%,-1,0.033,0.033,0.447,45.5,-0.004,0.00,0.080,-0.005,0.2
0.268,V-TRACK 0%,-1,0.033,0.033,0.447,45.5,-0.004,-0.06,0.070,-0.005,0.2
0.272,V-TRACK 0%,-1,0.033,0.033,0.447,45.5,-0.004,-0.06,0.060,-0.005,0.2
0.276,V-TRACK 0%,-1,0.031,0.032,0.469,44.3,-0.005,-0.13,0.050,-0.005,0.2
0.280,V-TRACK 0%,-1,0.031,0.032,0.481,43.8,-0.004,0.00,0.040,-0.005,0.2
0.284,V-TRACK 0%,-1,0.031,0.031,0.486,43.5,-0.004,0.00,0.030,-0.005,0.2
0.288,V-TRACK 0%,-1,-0.008,-0.008,0.386,23.4,-0.005,-0.06,0.020,-0.005,0.2
0.292,V-TRACK 0%,-1,-0.008,-0.008,0.386,23.4,-0.005,-0.06,0.010,-0.005,0.2
0.296,V-TRACK 0%,-1,-0.011,-0.009,0.397,23.0,-0.007,0.00,-0.000,-0.006,0.2
0.300,V-TRACK 0%,-1,-0.011,-0.010,0.403,22.9,-0.007,-0.06,-0.010,-0.006,0.2
0.304,V-TRACK 0%,-1,-0.013,-0.011,0.433,22.8,-0.007,-0.06,-0.020,-0.006,0.2
0.308,V-TRACK 0%,-1,-0.013,-0.012,0.449,22.8,-0.006,-0.13,-0.030,-0.005,0.3
0.312,V-TRACK 0%,-1,-0.013,-0.012,0.456,22.8,-0.006,-0.13,-0.040,-0.005,0.3
0.316,V-TRACK 0%,-1,-0.017,-0.015,0.486,22.5,-0.010,0.00,-0.050,-0.005,0.3
0.320,V-TRACK 0%,-1,-0.017,-0.016,0.502,22.3,-0.010,-0.06,-0.060,-0.006,0.3
0.324,V-TRACK 0%,-1,-0.017,-0.017,0.509,22.2,-0.010,-0.06,-0.061,-0.006,0.3
0.328,V-TRACK 0%,-1,-0.020,-0.018,0.542,21.9,-0.010,-0.06,-0.061,-0.006,0.3
0.332,V-TRACK 0%,-1,-0.020,-0.019,0.559,21.8,-0.009,-0.12,-0.058,-0.006,0.3
0.336,V-TRACK 0%,-1,-0.019,-0.019,0.592,21.4,-0.011,0.00,-0.053,-0.007,0.3
0.340,V-TRACK 0%,-1,-0.019,-0.019,0.608,21.2,-0.011,0.00,-0.053,-0.007,0.3
0.344,V-TRACK 0%,-1,-0.034,-0.027,0.614,20.0,-0.011,0.00,-0.053,-0.008,0.3
0.348,V-TRACK 0%,-1,-0.034,-0.031,0.617,19.4,-0.010,-0.05,-0.046,-0.008,0.3
0.352,V-TRACK 0%,-1,-0.034,-0.032,0.618,19.1,-0.010,-0.05,-0.046,-0.008,0.3
0.356,V-TRACK 0%,-1,-0.039,-0.036,0.640,18.9,-0.012,0.00,-0.038,-0.009,0.3
0.360,V-TRACK 0%,-1,-0.039,-0.037,0.650,18.9,-0.012,0.00,-0.038,-0.009,0.3
0.364,V-TRACK 0%,-1,-0.041,-0.039,0.667,18.6,-0.011,0.00,-0.030,-0.009,0.3
0.368,V-TRACK 0%,-1,-0.041,-0.040,0.675,18.5,-0.011,0.00,-0.030,-0.009,0.3
0.372,V-TRACK 0%,-1,-0.041,-0.040,0.679,18.4,-0.011,0.00,-0.030,-0.010,0.3
0.376,V-TRACK 0%,-1,-0.042,-0.041,0.685,18.4,-0.009,-0.06,-0.022,-0.010,0.4
0.380,V-TRACK 0%,-1,-0.042,-0.042,0.689,18.4,-0.009,0.00,-0.022,-0.010,0.4
0.384,V-TRACK 0%,-1,-0.031,-0.036,0.689,18.6,-0.008,-0.05,-0.015,-0.011,0.4
0.388,V-TRACK 0%,-1,-0.031,-0.034,0.689,18.7,-0.008,-0.05,-0.015,-0.011,0.4
0.392,V-TRACK 0%,-1,-0.033,-0.033,0.690,18.7,-0.006,-0.11,-0.009,-0.010,0.4
0.396,V-TRACK 0%,-1,-0.033,-0.033,0.691,18.8,-0.006,-0.11,-0.009,-0.010,0.4
0.400,V-TRACK 0%,-1,-0.033,-0.033,0.691,18.8,-0.006,0.00,-0.009,-0.010,0.4
0.404,V-TRACK 0%,-1,-0.033,-0.033,0.691,18.8,-0.004,-0.05,-0.004,-0.010,0.4
0.408,V-TRACK 0%,-1,-0.036,-0.034,0.675,18.8,-0.004,-0.05,-0.004,-0.010,0.4
0.412,V-TRACK 0%,-1,-0.036,-0.035,0.667,18.8,-0.003,-0.11,-0.000,-0.009,0.4
0.416,V-TRACK 0%,-1,-0.036,-0.036,0.662,18.8,-0.003,-0.11,-0.000,-0.009,0.4
0.420,V-TRACK 0%,-1,-0.037,-0.037,0.652,18.8,-0.002,0.00,0.003,-0.007,0.4
0.424,V-TRACK 0%,-1,-0.037,-0.037,0.640,19.0,-0.001,-0.05,0.006,-0.007,0.4
0.428,V-TRACK 0%,-1,-0.037,-0.037,0.634,19.1,-0.001,-0.05,0.006,-0.006,0.4
0.432,V-TRACK 0%,-1,-0.042,-0.040,0.624,19.1,-0.001,-0.05,0.006,-0.006,0.4
0.436,V-TRACK 0%,-1,-0.042,-0.041,0.619,19.2,-0.003,0.00,0.008,-0.005,0.5
0.440,V-TRACK 0%,-1,-0.044,-0.042,0.612,19.2,-0.003,-0.05,0.010,-0.003,0.5
0.444,V-TRACK 0%,-1,-0.044,-0.043,0.609,19.2,-0.003,-0.05,0.010,-0.003,0.5
0.448,V-TRACK 0%,-1,-0.044,-0.043,0.599,19.0,-0.003,-0.10,0.011,-0.002,0.5
0.452,V-TRACK 0%,-1,-0.044,-0.044,0.594,18.9,-0.003,-0.10,0.011,-0.002,0.5
0.456,V-TRACK 0%,-1,-0.044,-0.044,0.591,18.8,-0.006,0.00,0.011,-0.001,0.5
0.460,V-TRACK 0%,-1,-0.050,-0.047,0.586,18.8,-0.006,-0.10,0.012,-0.002,0.5
0.464,V-TRACK 0%,-1,-0.050,-0.048,0.583,18.8,-0.006,-0.10,0.012,-0.002,0.5
0.468,V-TRACK 0%,-1,-0.050,-0.049,0.582,18.8,-0.006,-0.15,0.013,-0.002,0.5
0.472,V-TRACK 0%,-1,-0.050,-0.050,0.583,18.8,-0.006,-0.15,0.013,-0.002,0.5
0.476,V-TRACK 0%,-1,-0.050,-0.050,0.583,18.8,-0.010,0.00,0.013,-0.002,0.5
0.480,V-TRACK 0%,-1,-0.050,-0.050,0.583,18.8,-0.009,-0.11,0.013,-0.004,0.5
0.484,V-TRACK 0%,-1,-0.050,-0.050,0.583,18.8,-0.009,-0.11,0.013,-0.004,0.5
0.488,V-TRACK 0%,-1,-0.052,-0.051,0.587,18.6,-0.009,-0.11,0.013,-0.004,0.5
0.492,V-TRACK 0%,-1,-0.056,-0.054,0.581,18.9,-0.009,-0.15,0.013,-0.006,0.6
0.496,V-TRACK 0%,-1,-0.056,-0.055,0.578,19.0,-0.012,0.00,0.013,-0.006,0.6
0.500,V-TRACK 0%,-1,-0.056,-0.056,0.577,19.1,-0.011,-0.09,0.013,-0.008,0.6
0.504,V-TRACK 0%,-1,-0.062,-0.059,0.576,19.0,-0.011,-0.09,0.013,-0.008,0.6
0.508,V-TRACK 0%,-1,-0.062,-0.061,0.575,18.9,-0.010,-0.13,0.013,-0.009,0.6
0.512,V-TRACK 0%,-1,-0.062,-0.062,0.575,18.8,-0.010,-0.13,0.013,-0.009,0.6
0.516,V-TRACK 0%,-1,-0.062,-0.062,0.575,18.8,-0.012,0.00,0.013,-0.010,0.6
0.520,V-TRACK 0%,-1,-0.066,-0.064,0.575,18.6,-0.012,-0.04,0.013,-0.010,0.6
0.524,V-TRACK 0%,-1,-0.066,-0.065,0.575,18.5,-0.012,-0.04,0.013,-0.010,0.6
0.528,V-TRACK 0%,-1,-0.066,-0.065,0.575,18.4,-0.011,-0.09,0.013,-0.011,0.6
0.532,V-TRACK 0%,-1,-0.069,-0.067,0.576,18.4,-0.010,-0.13,0.013,-0.011,0.6
0.536,V-TRACK 0%,-1,-0.069,-0.068,0.577,18.4,-0.013,0.00,0.013,-0.011,0.6
0.540,V-TRACK 0%,-1,-0.070,-0.069,0.577,18.0,-0.012,-0.05,0.013,-0.011,0.6
0.544,V-TRACK 0%,-1,-0.070,-0.070,0.578,17.8,-0.012,-0.05,0.013,-0.011,0.6
0.548,V-TRACK 0%,-1,-0.070,-0.070,0.578,17.7,-0.012,-0.05,0.013,-0.011,0.6
0.552,V-TRACK 0%,-1,-0.070,-0.070,0.578,17.7,-0.011,-0.09,0.013,-0.011,0.7
0.556,V-TRACK 0%,-1,-0.073,-0.072,0.578,14.0,-0.011,0.00,0.013,-0.011,0.7
0.560,V-TRACK 0%,-1,-0.073,-0.073,0.578,12.1,-0.010,-0.05,0.013,-0.011,0.7
0.564,V-TRACK 0%,-1,-0.089,-0.081,0.711,10.3,-0.009,0.00,0.013,-0.011,0.7
0.568,V-TRACK 0%,-1,-0.089,-0.085,0.778,9.4,-0.008,-0.05,0.012,-0.012,0.7
0.572,V-TRACK 0%,-1,-0.089,-0.087,0.811,9.0,-0.007,-0.10,0.012,-0.011,0.7
0.576,V-TRACK 0%,-1,-0.116,-0.101,0.828,8.8,-0.007,-0.10,0.012,-0.011,0.7
0.580,V-TRACK 0%,-1,-0.116,-0.108,0.836,8.7,-0.006,0.00,0.012,-0.011,0.7
0.584,V-TRACK 0%,-1,-0.116,-0.112,0.840,8.6,-0.004,-0.11,0.012,-0.010,0.7
0.588,V-TRACK 0%,-1,-0.122,-0.117,0.847,8.6,-0.004,-0.11,0.012,-0.010,0.7
0.592,V-TRACK 0%,-1,-0.122,-0.119,0.850,8.6,-0.004,-0.16,0.012,-0.008,0.7
0.596,V-TRACK 0%,-1,-0.122,-0.121,0.851,8.6,-0.004,-0.16,0.012,-0.008,0.7
0.600,V-TRACK 0%,-1,-0.127,-0.124,0.851,8.6,-0.003,0.00,0.012,-0.008,0.7
0.604,V-TRACK 0%,-1,-0.127,-0.125,0.850,8.6,-0.002,-0.10,0.013,-0.006,0.8
0.608,V-TRACK 0%,-1,-0.127,-0.126,0.850,8.6,-0.002,-0.10,0.013,-0.006,0.8
0.612,V-TRACK 0%,-1,-0.131,-0.129,0.853,8.7,-0.001,-0.15,0.013,-0.004,0.8
0.616,V-TRACK 0%,-1,-0.131,-0.130,0.854,8.7,-0.001,-0.15,0.013,-0.004,0.8
0.620,V-TRACK 0%,-1,-0.131,-0.131,0.855,8.7,-0.001,0.00,0.013,-0.004,0.8
0.624,V-TRACK 0%,-1,-0.133,-0.132,0.855,8.7,-0.001,-0.08,0.013,-0.003,0.8
0.628,V-TRACK 0%,-1,-0.136,-0.134,0.857,8.7,-0.001,-0.08,0.013,-0.003,0.8
0.632,V-TRACK 0%,-1,-0.136,-0.135,0.858,8.7,-0.001,-0.08,0.013,-0.002,0.8
0.636,V-TRACK 0%,-1,-0.136,-0.135,0.858,8.7,-0.000,-0.14,0.013,-0.002,0.8
0.640,V-TRACK 0%,-1,-0.141,-0.138,0.858,8.7,-0.000,0.00,0.013,-0.001,0.8
0.644,V-TRACK 0%,-1,-0.141,-0.139,0.858,8.7,-0.000,-0.04,0.013,-0.001,0.8
0.648,V-TRACK 0%,-1,-0.141,-0.140,0.858,8.7,-0.000,-0.04,0.013,-0.001,0.8
0.652,V-TRACK 0%,-1,-0.144,-0.142,0.861,8.7,-0.000,-0.04,0.013,-0.000,0.8
0.656,V-TRACK 0%,-1,-0.144,-0.143,0.862,8.7,-0.000,-0.09,0.013,-0.000,0.8
0.660,V-TRACK 0%,-1,-0.144,-0.143,0.863,8.7,-0.000,0.00,0.013,-0.000,0.8
0.664,V-TRACK 0%,-1,-0.144,-0.144,0.864,8.7,-0.000,-0.09,0.013,-0.000,0.9
0.668,V-TRACK 0%,-1,-0.150,-0.147,0.865,8.7,-0.000,-0.09,0.013,-0.000,0.9
0.672,V-TRACK 0%,-1,-0.150,-0.148,0.866,8.7,-0.000,-0.14,0.013,-0.000,0.9
0.676,V-TRACK 0%,-1,-0.153,-0.151,0.865,8.7,-0.000,-0.14,0.013,-0.000,0.9
0.680,V-TRACK 0%,-1,-0.153,-0.152,0.864,8.7,-0.000,0.00,0.013,0.000,0.9
0.684,V-TRACK 0%,-1,-0.150,-0.151,0.852,8.8,-0.000,-0.06,0.014,0.000,0.9
0.688,V-TRACK 0%,-1,-0.150,-0.150,0.845,8.8,-0.000,-0.06,0.014,0.000,0.9
0.692,V-TRACK 0%,-1,-0.150,-0.150,0.842,8.8,-0.000,-0.06,0.014,-0.000,0.9
0.696,V-TRACK 0%,-1,-0.084,-0.084,0.869,37.6,-0.000,0.00,0.014,-0.000,0.9
0.700,V-TRACK 0%,-1,-0.084,-0.084,0.869,37.6,-0.000,-0.05,0.014,-0.000,0.9
0.704,V-TRACK 0%,-1,-0.092,-0.092,0.861,25.4,-0.000,0.00,0.014,-0.000,0.9
0.708,V-TRACK 0%,-1,-0.092,-0.092,0.861,25.4,-0.000,-0.10,0.014,-0.000,1.0
0.712,V-TRACK 0%,-1,-0.092,-0.092,0.861,25.4,-0.000,-0.10,0.014,-0.000,1.0
0.716,V-TRACK 0%,-1,-0.097,-0.097,0.864,39.3,-0.000,-0.10,0.014,-0.000,1.0
0.720,V-TRACK 0%,-1,-0.097,-0.097,0.864,39.3,-0.000,-0.15,0.014,-0.000,1.0
0.724,V-TRACK 0%,-1,-0.100,-0.098,0.865,39.3,-0.000,0.00,0.014,-0.000,1.0
0.728,V-TRACK 0%,-1,-0.100,-0.099,0.866,39.3,-0.000,-0.06,0.014,-0.000,1.0
0.732,V-TRACK 0%,-1,-0.100,-0.100,0.866,39.3,-0.000,-0.06,0.014,-0.000,1.0
0.736,V-TRACK 0%,-1,-0.144,-0.144,0.611,9.9,0.014,0.00,0.012,-0.000,1.0
0.740,V-TRACK 0%,-1,-0.148,-0.146,0.611,10.0,0.014,-0.05,0.012,-0.000,1.0
0.744,V-TRACK 0%,-1,-0.148,-0.147,0.611,10.1,0.014,-0.05,0.012,-0.000,1.0
0.748,V-TRACK 0%,-1,-0.148,-0.148,0.611,10.1,0.014,-0.11,0.012,-0.000,1.0
0.752,V-TRACK 0%,-1,-0.153,-0.150,0.613,10.2,0.014,0.00,0.012,-0.000,1.0
0.756,V-TRACK 0%,-1,-0.153,-0.152,0.613,10.2,0.014,-0.05,0.012,0.003,1.0
0.760,V-TRACK 0%,-1,-0.153,-0.152,0.614,10.3,0.014,-0.05,0.012,0.003,1.0
0.764,V-TRACK 0%,-1,-0.163,-0.157,0.614,10.1,0.013,-0.12,0.012,0.008,1.1
0.768,V-TRACK 0%,-1,-0.163,-0.160,0.614,10.0,0.013,-0.12,0.012,0.008,1.1
0.772,V-TRACK 0%,-1,-0.163,-0.161,0.614,10.0,0.012,0.00,0.012,0.012,1.1
0.776,V-TRACK 0%,-1,-0.170,-0.166,0.618,9.5,0.010,-0.12,0.014,0.014,1.1
0.780,V-TRACK 0%,-1,-0.178,-0.172,0.622,9.3,0.010,-0.12,0.014,0.014,1.1
0.784,V-TRACK 0%,-1,-0.178,-0.175,0.623,9.2,0.010,-0.12,0.014,0.015,1.1
0.788,V-TRACK 1%,-1,-0.178,-0.177,0.624,9.1,0.026,-3.45,0.024,0.015,1.1
0.792,V-TRACK 0%,-1,-0.184,-0.180,0.626,9.1,0.010,0.00,0.015,0.015,1.1
0.796,V-TRACK 0%,-1,-0.191,-0.186,0.627,9.1,0.009,-0.06,0.017,0.014,1.1
0.800,V-TRACK 0%,-1,-0.191,-0.188,0.627,9.1,0.013,-0.05,0.019,0.014,1.1
0.804,V-TRACK 0%,-1,-0.200,-0.194,0.628,9.1,0.013,-0.05,0.019,0.014,1.1
0.808,V-TRACK 0%,-1,-0.200,-0.197,0.628,9.1,0.013,-0.05,0.019,0.014,1.1
0.812,V-TRACK 0%,-1,-0.200,-0.199,0.628,9.1,0.012,0.00,0.020,0.014,1.1
0.816,V-TRACK 0%,-1,-0.208,-0.203,0.628,9.1,0.010,0.21,0.020,0.015,1.0
0.820,V-TRACK 0%,-1,-0.208,-0.205,0.628,9.1,0.010,0.21,0.020,0.015,1.0
0.824,V-TRACK 0%,-1,-0.220,-0.213,0.619,8.9,0.006,0.44,0.019,0.016,1.0
0.828,V-TRACK 0%,-1,-0.220,-0.217,0.615,8.8,0.006,0.44,0.019,0.016,1.0
0.832,V-TRACK 0%,-1,-0.220,-0.218,0.613,8.8,0.002,0.00,0.018,0.015,0.9
0.836,V-TRACK 0%,-1,-0.220,-0.219,0.612,8.8,0.002,0.00,0.018,0.013,0.9
0.840,V-TRACK 0%,-1,-0.239,-0.229,0.602,8.6,-0.002,0.11,0.017,0.013,0.9
0.844,V-TRACK 0%,-1,-0.239,-0.234,0.597,8.5,-0.002,0.11,0.017,0.013,0.9
0.848,V-TRACK 0%,-1,-0.239,-0.237,0.594,8.5,-0.002,0.11,0.017,0.010,0.9
0.852,V-TRACK 0%,-1,-0.300,-0.268,0.733,8.4,-0.005,0.00,0.016,0.010,0.9
0.856,V-TRACK 0%,-1,-0.300,-0.284,0.803,8.4,-0.007,0.02,0.015,0.006,0.9
0.860,V-TRACK 0%,-1,-0.300,-0.292,0.837,8.4,-0.008,0.02,0.015,0.003,0.9
0.864,V-TRACK 0%,-1,-0.269,-0.280,0.710,8.4,-0.008,0.02,0.015,0.003,0.9
0.868,V-TRACK 1%,-1,-0.269,-0.275,0.647,8.3,0.008,-3.23,0.025,0.003,0.9
0.872,V-TRACK 0%,-1,-0.269,-0.272,0.615,8.3,-0.008,0.00,0.015,-0.001,0.9
0.876,V-TRACK 0%,-1,-0.280,-0.276,0.602,8.8,-0.007,0.00,0.017,-0.005,0.9
0.880,V-TRACK 0%,-1,-0.280,-0.278,0.595,9.0,-0.006,0.07,0.018,-0.006,0.9
0.884,V-TRACK 0%,-1,-0.322,-0.300,0.605,9.0,-0.006,0.07,0.018,-0.006,0.9
0.888,V-TRACK 0%,-1,-0.322,-0.311,0.609,9.1,-0.006,0.07,0.018,-0.006,0.9
0.892,V-TRACK 0%,-1,-0.322,-0.316,0.612,9.1,-0.005,0.00,0.017,-0.008,0.8
0.896,V-TRACK 0%,-1,-0.338,-0.327,0.593,8.5,-0.006,0.14,0.016,-0.008,0.8
0.900,V-TRACK 0%,-1,-0.338,-0.332,0.584,8.3,-0.006,0.26,0.014,-0.007,0.8
0.904,V-TRACK 0%,-1,-0.338,-0.335,0.580,8.1,-0.006,0.26,0.014,-0.007,0.8
0.908,V-TRACK 1%,-1,-0.338,-0.336,0.577,8.1,0.010,-2.89,0.024,-0.007,0.7
0.912,V-TRACK 0%,-1,-0.352,-0.344,0.572,8.0,-0.006,0.00,0.014,-0.007,0.7
0.916,V-TRACK 0%,-1,-0.352,-0.348,0.569,8.0,-0.002,0.14,0.018,-0.007,0.7
0.920,V-TRACK 0%,-1,-0.380,-0.364,0.567,7.9,-0.002,0.14,0.018,-0.003,0.7
0.924,V-TRACK 0%,-1,-0.380,-0.372,0.565,7.9,-0.002,0.14,0.018,-0.003,0.7
0.928,V-TRACK 1%,-1,-0.380,-0.376,0.565,7.9,0.014,-2.83,0.028,0.002,0.6
0.932,V-TRACK 0%,-1,-0.397,-0.386,0.563,7.8,-0.001,0.00,0.018,0.002,0.6
0.936,V-TRACK 0%,-1,-0.397,-0.392,0.562,7.8,-0.003,0.60,0.019,0.005,0.5
0.940,V-TRACK 0%,-1,-0.397,-0.394,0.562,7.8,-0.003,0.60,0.019,0.005,0.5
0.944,V-TRACK 1%,-1,-0.397,-0.396,0.561,7.8,0.013,-2.28,0.029,0.009,0.4
0.948,V-TRACK 1%,-1,-0.448,-0.422,0.546,7.6,0.029,-2.28,0.039,0.009,0.4
0.952,V-TRACK 0%,-1,-0.448,-0.435,0.538,7.5,0.013,0.00,0.029,0.009,0.4
0.956,V-TRACK 0%,-1,-0.486,-0.461,0.522,9.4,0.029,0.00,0.019,0.010,0.2
0.960,V-TRACK 0%,-1,-0.486,-0.473,0.514,10.3,0.045,-2.35,0.009,0.016,0.2
0.964,V-TRACK 0%,-1,-0.486,-0.480,0.510,10.8,0.061,-2.35,-0.001,0.016,0.2
0.968,V-TRACK 0%,-1,-0.486,-0.483,0.508,11.0,0.077,-2.04,-0.011,0.018,0.1
0.972,V-TRACK 0%,-1,-0.530,-0.506,0.493,11.0,0.093,0.00,-0.021,0.018,0.1
0.976,V-TRACK 0%,-1,-0.530,-0.518,0.485,10.9,0.109,-2.38,-0.031,0.020,0.0
0.980,V-TRACK 0%,-1,-0.530,-0.524,0.482,10.9,0.125,-2.16,-0.041,0.032,-0.0
0.984,V-TRACK 0%,-1,-0.530,-0.527,0.480,10.9,0.141,-2.16,-0.051,0.032,-0.0
0.988,V-TRACK 0%,-1,-0.641,-0.584,0.468,10.4,0.157,-2.16,-0.061,0.032,-0.0
0.992,V-TRACK 0%,-1,-0.641,-0.612,0.462,10.1,0.141,0.00,-0.051,0.051,-0.1
0.996,V-TRACK 0%,-1,-0.641,-0.626,0.459,10.0,0.125,0.25,-0.041,0.082,-0.2
1.000,V-TRACK 0%,-1,-0.953,-0.790,0.488,10.3,0.109,0.25,-0.031,0.082,-0.2
1.004,V-TRACK 0%,-1,-0.953,-0.871,0.502,10.5,0.093,0.52,-0.021,0.114,-0.2
1.008,V-TRACK 0%,-1,-0.953,-0.912,0.509,10.6,0.077,0.00,-0.011,0.114,-0.2
1.012,V-TRACK 0%,-1,-0.912,-0.912,0.509,10.6,0.061,0.31,-0.001,0.133,-0.3
1.016,V-TRACK 0%,-1,-0.912,-0.912,0.509,10.6,0.045,0.31,0.009,0.133,-0.3
1.020,V-TRACK 0%,-1,-0.912,-0.912,0.509,10.6,0.061,0.56,0.019,0.129,-0.4
1.024,V-TRACK 0%,-1,-0.912,-0.912,0.509,10.6,0.065,0.56,0.029,0.129,-0.4
1.028,V-TRACK 0%,-1,-0.912,-0.912,0.509,10.6,0.065,0.56,0.039,0.129,-0.4
1.032,V-TRACK 0%,-1,-0.912,-0.912,0.509,10.6,0.081,0.72,0.049,0.111,-0.4
1.036,V-TRACK 0%,-1,-0.912,-0.912,0.509,10.6,0.087,0.72,0.059,0.093,-0.4
1.040,V-TRACK 0%,-1,-0.912,-0.912,0.509,10.6,0.103,0.82,0.069,0.093,-0.4
1.044,V-TRACK 0%,-1,-0.912,-0.912,0.509,10.6,0.106,0.82,0.079,0.093,-0.4
1.048,V-TRACK 0%,-1,-0.912,-0.912,0.509,10.6,0.120,0.85,0.089,0.084,-0.4
1.052,V-TRACK 0%,-1,-0.912,-0.912,0.509,10.6,0.120,0.85,0.099,0.084,-0.4
1.056,V-TRACK 0%,-1,-0.912,-0.912,0.509,10.6,0.120,0.85,0.109,0.085,-0.4
1.060,V-TRACK 0%,-1,-0.912,-0.912,0.509,10.6,0.134,0.84,0.119,0.085,-0.4
1.064,V-TRACK 0%,-1,-0.912,-0.912,0.509,10.6,0.134,0.84,0.129,0.085,-0.4
1.068,V-TRACK 0%,-1,-0.912,-0.912,0.509,10.6,0.148,0.81,0.139,0.091,-0.4
1.072,V-TRACK 0%,-1,-0.912,-0.912,0.509,10.6,0.148,0.81,0.149,0.091,-0.4
1.076,V-TRACK 0%,-1,-0.912,-0.912,0.509,10.6,0.164,0.75,0.159,0.099,-0.4
1.080,V-TRACK 0%,-1,-0.912,-0.912,0.509,10.6,0.164,0.75,0.166,0.099,-0.4
1.084,V-TRACK 0%,-1,-0.912,-0.912,0.509,10.6,0.164,0.75,0.166,0.108,-0.4
1.088,V-TRACK 0%,-1,-0.912,-0.912,0.509,10.6,0.180,0.67,0.176,0.108,-0.4
1.092,V-TRACK 0%,-1,-0.912,-0.912,0.509,10.6,0.182,0.67,0.179,0.108,-0.4
1.096,V-TRACK 0%,-1,-0.912,-0.912,0.509,10.6,0.198,0.59,0.189,0.118,-0.4
1.100,V-TRACK 0%,-1,-0.912,-0.912,0.509,10.6,0.204,0.59,0.193,0.118,-0.4
1.104,V-TRACK 0%,-1,-0.912,-0.912,0.509,10.6,0.220,0.49,0.203,0.128,-0.3
1.108,V-TRACK 0%,-1,-0.912,-0.912,0.509,10.6,0.230,0.49,0.205,0.128,-0.3
1.112,V-TRACK 0%,-1,-0.912,-0.912,0.509,10.6,0.230,0.49,0.205,0.138,-0.3
1.116,V-TRACK 0%,-1,-0.912,-0.912,0.509,10.6,0.246,0.39,0.215,0.138,-0.3
1.120,V-TRACK 1%,-1,-0.912,-0.912,0.509,10.6,0.262,-6.70,0.205,0.149,-0.3
1.124,V-TRACK 1%,-1,-0.912,-0.912,0.509,10.6,0.278,-6.70,0.195,0.149,-0.3
1.128,V-TRACK 1%,-1,-0.912,-0.912,0.509,10.6,0.294,-6.70,0.185,0.149,-0.3
1.132,V-TRACK 1%,-1,-0.912,-0.912,0.509,10.6,0.310,-6.80,0.175,0.159,-0.3
1.136,V-TRACK 1%,-1,-0.912,-0.912,0.509,10.6,0.326,-6.80,0.165,0.159,-0.3
1.140,V-TRACK 1%,-1,-0.912,-0.912,0.509,10.6,0.342,-6.88,0.155,0.172,-0.2
1.144,V-TRACK 1%,-1,-0.912,-0.912,0.509,10.6,0.358,-6.87,0.145,0.172,-0.2
1.148,V-TRACK 1%,-1,-0.912,-0.912,0.509,10.6,0.374,-6.87,0.135,0.172,-0.2
1.152,V-TRACK 1%,-1,-0.912,-0.912,0.509,10.6,0.390,-6.87,0.125,0.188,-0.2
1.156,V-TRACK 1%,-1,-0.912,-0.912,0.509,10.6,0.400,-6.87,0.115,0.188,-0.2
1.160,V-TRACK 1%,-1,-0.912,-0.912,0.509,10.6,0.400,-6.81,0.105,0.207,-0.3
1.164,V-TRACK 1%,-1,-0.912,-0.912,0.509,10.6,0.400,-6.81,0.095,0.207,-0.3
1.168,V-TRACK 1%,-1,-0.912,-0.912,0.509,10.6,0.400,-6.72,0.085,0.235,-0.3
1.172,V-TRACK 1%,-1,-0.912,-0.912,0.509,10.6,0.400,-6.72,0.075,0.235,-0.3
1.176,V-TRACK 1%,-1,-0.912,-0.912,0.509,10.6,0.400,-6.72,0.065,0.264,-0.3
1.180,V-TRACK 1%,-1,-0.912,-0.912,0.509,10.6,0.400,-6.60,0.055,0.264,-0.3
1.184,V-TRACK 1%,-1,-0.912,-0.912,0.509,10.6,0.400,-6.60,0.045,0.264,-0.3
1.188,V-TRACK 0%,-1,0.898,0.898,-0.486,96.0,0.400,0.00,0.055,0.287,-0.4
1.192,V-TRACK 0%,-1,0.898,0.898,-0.486,96.0,0.400,0.00,0.065,0.304,-0.4
1.196,V-TRACK 0%,-1,0.898,0.898,-0.486,96.0,0.400,0.00,0.055,0.320,-0.5
1.200,V-TRACK 0%,-1,0.938,0.938,-0.581,72.0,0.400,0.00,0.045,0.363,-0.6
1.204,V-TRACK 0%,-1,0.938,0.938,-0.581,72.0,0.400,0.00,0.035,0.384,-0.6
1.208,V-TRACK 0%,-1,0.938,0.938,-0.581,72.0,0.400,0.00,0.025,0.399,-0.7
1.212,V-TRACK 0%,-1,0.294,0.294,0.133,27.0,0.384,0.00,0.035,0.401,-0.7
1.216,V-TRACK 0%,-1,0.294,0.294,0.133,27.0,0.368,0.00,0.025,0.399,-0.7
1.220,V-TRACK 0%,-1,0.212,0.212,-0.044,108.0,0.352,0.00,0.015,0.383,-0.7
1.224,V-TRACK 0%,-1,0.212,0.212,-0.044,108.0,0.336,0.00,0.005,0.374,-0.7
1.228,V-TRACK 0%,-1,0.212,0.212,-0.044,108.0,0.320,0.00,-0.005,0.359,-0.7
1.232,V-TRACK 0%,-1,0.212,0.212,-0.044,108.0,0.304,0.00,-0.015,0.359,-0.7
1.236,V-TRACK 0%,-1,0.130,0.130,0.122,43.2,0.288,0.00,-0.005,0.345,-0.7
1.240,V-TRACK 0%,-1,0.130,0.130,0.122,43.2,0.272,0.00,0.005,0.329,-0.7
1.244,V-TRACK 0%,-1,0.130,0.130,0.122,43.2,0.256,0.00,0.015,0.329,-0.7
1.248,V-TRACK 0%,-1,-0.309,-0.309,0.625,24.7,0.240,0.00,0.025,0.310,-0.7
1.252,V-TRACK 0%,-1,-0.309,-0.309,0.625,24.7,0.224,-0.04,0.035,0.292,-0.6
1.256,V-TRACK 0%,-1,-0.309,-0.309,0.625,24.7,0.208,-0.04,0.045,0.292,-0.6
1.260,V-TRACK 0%,-1,-0.309,-0.309,0.625,24.7,0.192,-0.04,0.055,0.269,-0.6
1.264,V-TRACK 0%,-1,-0.309,-0.309,0.625,24.7,0.176,0.00,0.065,0.269,-0.6
1.268,V-TRACK 0%,-1,-0.352,-0.352,0.422,96.0,0.160,0.00,0.075,0.221,-0.6
1.272,V-TRACK 0%,-1,-0.352,-0.352,0.422,96.0,0.144,0.00,0.085,0.197,-0.6
1.276,V-TRACK 0%,-1,-0.783,-0.783,0.811,18.8,0.128,0.00,0.095,0.146,-0.6
1.280,V-TRACK 0%,-1,-0.739,-0.739,0.317,78.5,0.112,0.00,0.105,0.122,-0.6
1.284,V-TRACK 0%,-1,-0.739,-0.739,0.317,78.5,0.096,0.00,0.115,0.079,-0.5
1.288,V-TRACK 0%,-1,-0.739,-0.739,0.317,78.5,0.080,0.00,0.125,0.069,-0.5
1.292,V-TRACK 0%,-1,-0.739,-0.739,0.317,78.5,0.064,0.00,0.135,0.069,-0.5
1.296,V-TRACK 0%,-1,-0.739,-0.739,0.317,78.5,0.048,-0.13,0.145,0.057,-0.5
1.300,V-TRACK 0%,-1,-0.739,-0.739,0.317,78.5,0.032,-0.13,0.155,0.057,-0.5
1.304,V-TRACK 0%,-1,-0.739,-0.739,0.317,78.5,0.016,-0.13,0.165,0.056,-0.5
1.308,V-TRACK 0%,-1,-0.739,-0.739,0.317,78.5,-0.000,-0.19,0.175,0.056,-0.4
1.312,V-TRACK 0%,-1,-0.739,-0.739,0.317,78.5,-0.016,-0.25,0.185,0.056,-0.4
1.316,V-TRACK 0%,-1,-0.739,-0.739,0.317,78.5,-0.032,-0.25,0.195,0.049,-0.4
1.320,V-TRACK 0%,-1,-0.739,-0.739,0.317,78.5,-0.048,-0.25,0.205,0.049,-0.4
1.324,V-TRACK 0%,-1,-0.739,-0.739,0.317,78.5,-0.064,-0.31,0.215,0.032,-0.4
1.328,V-TRACK 0%,-1,-0.739,-0.739,0.317,78.5,-0.080,-0.31,0.225,0.032,-0.4
1.332,V-TRACK 0%,-1,-0.739,-0.739,0.317,78.5,-0.096,-0.31,0.235,0.003,-0.4
1.336,V-TRACK 0%,-1,-0.739,-0.739,0.317,78.5,-0.112,-0.36,0.245,0.003,-0.4
1.340,V-TRACK 0%,-1,-0.739,-0.739,0.317,78.5,-0.128,-0.36,0.255,0.003,-0.4
1.344,V-TRACK 0%,-1,-0.739,-0.739,0.317,78.5,-0.144,-0.36,0.265,0.003,-0.4
1.348,V-TRACK 0%,-1,-0.739,-0.739,0.317,78.5,-0.160,-0.40,0.275,-0.034,-0.4
1.352,V-TRACK 0%,-1,-0.739,-0.739,0.317,78.5,-0.176,-0.40,0.285,-0.034,-0.4
1.356,V-TRACK 0%,-1,-0.739,-0.739,0.317,78.5,-0.181,-0.44,0.295,-0.075,-0.4
1.360,V-TRACK 0%,-1,-0.739,-0.739,0.317,78.5,-0.181,-0.44,0.305,-0.075,-0.4
1.364,V-TRACK 0%,-1,-0.739,-0.739,0.317,78.5,-0.181,-0.44,0.315,-0.075,-0.4
1.368,V-TRACK 0%,-1,-0.739,-0.739,0.317,78.5,-0.165,-0.47,0.325,-0.122,-0.4
1.372,V-TRACK 0%,-1,-0.739,-0.739,0.317,78.5,-0.161,-0.47,0.335,-0.122,-0.4
1.376,V-TRACK 0%,-1,-0.739,-0.739,0.317,78.5,-0.145,-0.49,0.345,-0.164,-0.4
1.380,V-TRACK 0%,-1,-0.739,-0.739,0.317,78.5,-0.142,-0.49,0.355,-0.164,-0.4
1.384,V-TRACK 0%,-1,-0.739,-0.739,0.317,78.5,-0.142,-0.49,0.365,-0.164,-0.4
1.388,V-TRACK 0%,-1,-0.739,-0.739,0.317,78.5,-0.126,-0.51,0.375,-0.196,-0.4
1.392,V-TRACK 0%,-1,-0.739,-0.739,0.317,78.5,-0.110,-0.51,0.385,-0.196,-0.4
1.396,V-TRACK 0%,-1,-0.739,-0.739,0.317,78.5,-0.104,-0.51,0.395,-0.196,-0.4
1.400,V-TRACK 0%,-1,-0.739,-0.739,0.317,78.5,-0.088,-0.52,0.405,-0.209,-0.4
1.404,V-TRACK 0%,-1,-0.739,-0.739,0.317,78.5,-0.072,-0.52,0.415,-0.209,-0.4
1.408,V-TRACK 0%,-1,-0.739,-0.739,0.317,78.5,-0.056,-0.53,0.425,-0.205,-0.4
1.412,V-TRACK 0%,-1,-0.739,-0.739,0.317,78.5,-0.040,-0.53,0.435,-0.205,-0.4
1.416,V-TRACK 0%,-1,-0.739,-0.739,0.317,78.5,-0.024,-0.53,0.445,-0.205,-0.4
1.420,V-TRACK 0%,-1,-0.739,-0.739,0.317,78.5,-0.008,-0.53,0.450,-0.193,-0.4
1.424,V-TRACK 0%,-1,-0.739,-0.739,0.317,78.5,0.008,-0.53,0.450,-0.193,-0.4
1.428,V-TRACK 0%,-1,-0.739,-0.739,0.317,78.5,0.024,-0.53,0.450,-0.169,-0.4
1.432,V-TRACK 0%,-1,-0.739,-0.739,0.317,78.5,0.040,-0.53,0.450,-0.169,-0.4
1.436,V-TRACK 0%,-1,-0.739,-0.739,0.317,78.5,0.056,-0.53,0.450,-0.169,-0.4
1.440,V-TRACK 0%,-1,-0.739,-0.739,0.317,78.5,0.072,-0.53,0.450,-0.142,-0.4
1.444,V-TRACK 0%,-1,-0.739,-0.739,0.317,78.5,0.088,-0.53,0.450,-0.142,-0.4
1.448,V-TRACK 0%,-1,-0.739,-0.739,0.317,78.5,0.104,-0.52,0.450,-0.142,-0.4
1.452,V-TRACK 0%,-1,-0.739,-0.739,0.317,78.5,0.120,-0.52,0.450,-0.107,-0.4
1.456,V-TRACK 0%,-1,-0.739,-0.739,0.317,78.5,0.136,-0.52,0.450,-0.107,-0.4
1.460,V-TRACK 0%,-1,-0.739,-0.739,0.317,78.5,0.152,-0.52,0.450,-0.074,-0.4
1.464,V-TRACK 0%,-1,-0.739,-0.739,0.317,78.5,0.168,-0.52,0.450,-0.074,-0.4
1.468,V-TRACK 0%,-1,-0.739,-0.739,0.317,78.5,0.184,-0.52,0.450,-0.074,-0.4
1.472,V-TRACK 0%,-1,-0.739,-0.739,0.317,78.5,0.200,-0.51,0.450,-0.037,-0.4
1.476,V-TRACK 0%,-1,-0.739,-0.739,0.317,78.5,0.216,-0.51,0.450,-0.037,-0.4
1.480,V-TRACK 0%,-1,-0.739,-0.739,0.317,78.5,0.232,-0.51,0.450,-0.037,-0.4
1.484,V-TRACK 0%,-1,-0.739,-0.739,0.317,78.5,0.248,-0.51,0.450,-0.000,-0.4
1.488,V-TRACK 0%,-1,-0.739,-0.739,0.317,78.5,0.264,-0.51,0.450,-0.000,-0.4
1.492,V-TRACK 0%,-1,-0.739,-0.739,0.317,78.5,0.280,-0.50,0.450,0.039,-0.4
1.496,V-TRACK 0%,-1,-0.739,-0.739,0.317,78.5,0.296,-0.50,0.450,0.039,-0.4
1.500,V-TRACK 0%,-1,-0.739,-0.739,0.317,78.5,0.312,-0.50,0.450,0.074,-0.4
1.504,V-TRACK 0%,-1,-0.739,-0.739,0.317,78.5,0.328,-0.50,0.450,0.074,-0.4
1.508,V-TRACK 0%,-1,-0.739,-0.739,0.317,78.5,0.344,-0.50,0.450,0.074,-0.4
1.512,V-TRACK 0%,-1,-0.739,-0.739,0.317,78.5,0.360,-0.50,0.450,0.108,-0.4
1.516,V-TRACK 0%,-1,-0.739,-0.739,0.317,78.5,0.376,-0.50,0.450,0.108,-0.4
1.520,V-TRACK 0%,-1,-0.739,-0.739,0.317,78.5,0.392,-0.50,0.450,0.108,-0.4
1.524,V-TRACK 0%,-1,0.841,0.841,0.047,33.2,0.400,0.00,0.450,0.139,-0.4
1.528,V-TRACK 0%,-1,0.728,0.728,0.078,61.7,0.400,0.00,0.450,0.171,-0.4
1.532,V-TRACK 0%,-1,0.728,0.728,0.078,61.7,0.400,0.00,0.450,0.207,-0.4
1.536,V-TRACK 0%,-1,0.728,0.728,0.078,61.7,0.400,0.00,0.440,0.243,-0.4
1.540,V-TRACK 0%,-1,0.419,0.419,-0.003,72.0,0.400,0.00,0.430,0.276,-0.3
1.544,V-TRACK 0%,-1,0.184,0.184,-0.072,29.8,0.400,0.00,0.420,0.311,-0.3
1.548,V-TRACK 0%,-1,0.184,0.184,-0.072,29.8,0.400,-0.05,0.410,0.334,-0.3
1.552,V-TRACK 0%,-1,0.106,0.145,-0.060,30.3,0.400,-0.05,0.400,0.336,-0.3
1.556,V-TRACK 0%,-1,0.045,0.095,-0.038,30.6,0.400,0.00,0.390,0.336,-0.3
1.560,V-TRACK 0%,-1,0.045,0.070,-0.027,30.7,0.400,0.00,0.380,0.336,-0.3
1.564,V-TRACK 0%,-1,0.045,0.058,-0.022,30.8,0.400,0.00,0.370,0.328,-0.3
1.568,V-TRACK 0%,-1,-0.030,0.014,-0.075,31.4,0.400,0.00,0.360,0.310,-0.3
1.572,V-TRACK 0%,-1,-0.030,-0.008,-0.101,31.7,0.400,0.00,0.350,0.292,-0.2
1.576,V-TRACK 0%,-1,-0.173,-0.091,-0.042,31.8,0.400,0.00,0.340,0.270,-0.2
1.580,V-TRACK 0%,-1,-0.173,-0.132,-0.013,31.9,0.400,0.00,0.330,0.255,-0.2
1.584,V-TRACK 0%,-1,-0.173,-0.153,0.002,32.0,0.400,0.00,0.320,0.251,-0.1
1.588,V-TRACK 0%,-1,-0.317,-0.317,-0.147,13.1,0.384,0.00,0.310,0.259,-0.1
1.592,V-TRACK 0%,-1,-0.317,-0.317,-0.147,13.1,0.368,-0.12,0.300,0.274,-0.0
1.596,V-TRACK 0%,-1,-0.525,-0.421,-0.079,12.1,0.352,-0.12,0.290,0.274,-0.0
1.600,V-TRACK 0%,-1,-0.525,-0.473,-0.045,11.6,0.336,0.00,0.280,0.303,-0.0
1.604,V-TRACK 0%,-1,-0.747,-0.610,0.070,10.3,0.320,0.00,0.270,0.311,0.0
1.608,V-TRACK 0%,-1,-0.747,-0.678,0.128,9.6,0.304,-0.12,0.260,0.311,0.1
1.612,V-TRACK 0%,-1,-0.747,-0.713,0.157,9.3,0.288,-0.12,0.250,0.311,0.1
1.616,V-TRACK 0%,-1,-0.963,-0.838,0.245,9.8,0.272,-0.21,0.240,0.301,0.1
1.620,V-TRACK 0%,-1,-0.963,-0.900,0.289,10.0,0.256,0.00,0.230,0.301,0.1
1.624,V-TRACK 0%,-1,-0.900,-0.900,0.289,10.0,0.240,-0.10,0.220,0.279,0.1
1.628,V-TRACK 0%,-1,-0.900,-0.900,0.289,10.0,0.224,-0.20,0.210,0.245,0.1
1.632,V-TRACK 0%,-1,-0.900,-0.900,0.289,10.0,0.208,-0.20,0.200,0.245,0.1
1.636,V-TRACK 0%,-1,-0.900,-0.900,0.289,10.0,0.192,-0.29,0.190,0.211,0.2
1.640,V-TRACK 0%,-1,-0.900,-0.900,0.289,10.0,0.176,-0.29,0.180,0.211,0.2
1.644,V-TRACK 0%,-1,-0.900,-0.900,0.289,10.0,0.160,-0.29,0.170,0.211,0.2
1.648,V-TRACK 0%,-1,-0.900,-0.900,0.289,10.0,0.144,-0.38,0.160,0.185,0.2
1.652,V-TRACK 0%,-1,-0.900,-0.900,0.289,10.0,0.128,-0.38,0.150,0.185,0.2
1.656,V-TRACK 2%,-1,-0.900,-0.900,0.289,10.0,0.144,-5.42,0.140,0.160,0.2
1.660,V-TRACK 2%,-1,-0.900,-0.900,0.289,10.0,0.160,-5.42,0.130,0.160,0.2
1.664,V-TRACK 2%,-1,-0.900,-0.900,0.289,10.0,0.176,-5.42,0.120,0.160,0.2
1.668,V-TRACK 2%,-1,-0.900,-0.900,0.289,10.0,0.192,-5.49,0.110,0.129,0.2
1.672,V-TRACK 2%,-1,-0.900,-0.900,0.289,10.0,0.208,-5.49,0.100,0.129,0.2
1.676,V-TRACK 2%,-1,-0.900,-0.900,0.289,10.0,0.224,-5.50,0.090,0.106,0.2
1.680,V-TRACK 2%,-1,-0.900,-0.900,0.289,10.0,0.240,-5.50,0.080,0.106,0.2
1.684,V-TRACK 2%,-1,-0.900,-0.900,0.289,10.0,0.256,-5.46,0.070,0.099,0.2
1.688,V-TRACK 0%,-1,0.981,0.981,0.219,29.8,0.240,0.00,0.080,0.099,0.2
1.692,V-TRACK 0%,-1,0.981,0.981,0.219,29.8,0.224,0.00,0.090,0.110,0.2
1.696,V-TRACK 0%,-1,0.772,0.877,0.263,30.3,0.208,0.00,0.100,0.134,0.2
1.700,V-TRACK 0%,-1,0.772,0.824,0.284,30.6,0.192,0.00,0.110,0.134,0.1
1.704,V-TRACK 0%,-1,0.648,0.736,0.306,31.9,0.176,0.00,0.120,0.163,0.1
1.708,V-TRACK 0%,-1,0.648,0.692,0.317,32.6,0.160,0.00,0.130,0.181,0.1
1.712,V-TRACK 0%,-1,0.542,0.617,0.335,35.1,0.144,0.00,0.140,0.192,0.1
1.716,V-TRACK 0%,-1,0.380,0.498,0.358,36.3,0.128,0.00,0.150,0.194,0.0
1.720,V-TRACK 0%,-1,0.380,0.439,0.369,36.9,0.144,0.00,0.160,0.194,0.0
1.724,V-TRACK 0%,-1,0.320,0.380,0.379,38.1,0.160,0.00,0.170,0.187,0.0
1.728,V-TRACK 0%,-1,0.278,0.329,0.385,39.6,0.176,0.02,0.180,0.173,0.0
1.732,V-TRACK 0%,-1,0.283,0.306,0.384,39.4,0.192,0.01,0.190,0.173,0.0
1.736,V-TRACK 0%,-1,0.283,0.294,0.384,39.4,0.208,0.01,0.200,0.160,0.0
1.740,V-TRACK 0%,-1,0.283,0.289,0.384,39.3,0.224,0.00,0.210,0.160,0.0
1.744,V-TRACK 0%,-1,0.278,0.283,0.382,40.2,0.240,0.00,0.220,0.145,0.0
1.748,V-TRACK 0%,-1,0.208,0.246,0.376,40.7,0.256,0.00,0.230,0.145,0.0
1.752,V-TRACK 0%,-1,0.208,0.227,0.373,40.9,0.272,-0.02,0.240,0.153,0.0
1.756,V-TRACK 0%,-1,0.077,0.152,0.343,41.0,0.288,0.00,0.250,0.153,0.0
1.760,V-TRACK 0%,-1,0.077,0.114,0.329,41.1,0.304,0.00,0.260,0.167,0.0
1.764,V-TRACK 0%,-1,0.020,0.067,0.305,41.1,0.320,0.00,0.270,0.186,0.0
1.768,V-TRACK 0%,-1,0.020,0.044,0.293,41.1,0.336,-0.03,0.280,0.210,0.0
1.772,V-TRACK 0%,-1,-0.034,0.005,0.281,41.1,0.352,0.00,0.290,0.210,0.0
1.776,V-TRACK 0%,-1,-0.094,-0.045,0.268,42.2,0.368,0.00,0.300,0.236,0.1
1.780,V-TRACK 0%,-1,-0.152,-0.098,0.258,43.8,0.357,0.00,0.310,0.256,0.1
1.784,V-TRACK 0%,-1,-0.209,-0.154,0.252,42.5,0.341,0.00,0.320,0.279,0.1
1.788,V-TRACK 0%,-1,-0.209,-0.182,0.250,41.8,0.329,-0.05,0.330,0.303,0.1
1.792,V-TRACK 0%,-1,-0.263,-0.222,0.251,41.5,0.313,0.00,0.340,0.303,0.1
1.796,V-TRACK 0%,-1,-0.311,-0.266,0.258,41.3,0.297,0.00,0.343,0.321,0.1
1.800,V-TRACK 0%,-1,-0.358,-0.312,0.266,39.4,0.281,0.00,0.333,0.320,0.1
1.804,V-TRACK 0%,-1,-0.358,-0.335,0.271,38.5,0.265,-0.06,0.323,0.313,0.1
1.808,V-TRACK 0%,-1,-0.358,-0.346,0.273,38.0,0.249,-0.06,0.313,0.313,0.1
1.812,V-TRACK 0%,-1,-0.434,-0.390,0.278,38.7,0.233,0.00,0.303,0.300,0.1
1.816,V-TRACK 0%,-1,-0.434,-0.412,0.281,39.0,0.217,0.00,0.293,0.300,0.1
1.820,V-TRACK 0%,-1,-0.434,-0.423,0.282,39.1,0.201,-0.07,0.283,0.279,0.2
1.824,V-TRACK 0%,-1,-0.464,-0.444,0.283,39.2,0.185,-0.07,0.273,0.279,0.2
1.828,V-TRACK 0%,-1,-0.464,-0.454,0.283,39.2,0.169,0.00,0.263,0.251,0.2
1.832,V-TRACK 0%,-1,-0.492,-0.473,0.289,39.3,0.153,0.00,0.253,0.251,0.2
1.836,V-TRACK 0%,-1,-0.525,-0.499,0.297,37.6,0.137,0.00,0.243,0.218,0.2
1.840,V-TRACK 0%,-1,-0.525,-0.512,0.301,36.8,0.121,-0.07,0.233,0.186,0.2
1.844,V-TRACK 0%,-1,-0.586,-0.549,0.328,36.4,0.105,0.00,0.223,0.151,0.2
1.848,V-TRACK 0%,-1,-0.586,-0.567,0.342,36.2,0.089,0.00,0.213,0.100,0.3
1.852,V-TRACK 0%,-1,-0.586,-0.577,0.349,36.1,0.073,-0.08,0.203,0.078,0.3
1.856,V-TRACK 0%,-1,-0.586,-0.581,0.352,36.1,0.057,-0.17,0.193,0.059,0.3
1.860,V-TRACK 0%,-1,-0.705,-0.643,0.412,34.6,0.041,0.00,0.183,0.059,0.3
1.864,V-TRACK 0%,-1,-0.705,-0.674,0.442,33.9,0.025,-0.16,0.173,0.037,0.4
1.868,V-TRACK 0%,-1,-0.705,-0.689,0.457,33.6,0.009,-0.16,0.163,0.037,0.4
1.872,V-TRACK 0%,-1,-0.705,-0.697,0.465,33.4,-0.007,-0.16,0.153,0.035,0.4
1.876,V-TRACK 0%,-1,-0.705,-0.701,0.468,33.3,-0.023,0.00,0.143,0.035,0.4
1.880,V-TRACK 0%,-1,-0.800,-0.750,0.506,32.1,-0.039,0.00,0.133,0.026,0.4
1.884,V-TRACK 0%,-1,-0.800,-0.775,0.525,31.5,-0.055,-0.05,0.123,0.013,0.4
1.888,V-TRACK 0%,-1,-0.800,-0.788,0.535,31.2,-0.071,-0.10,0.113,-0.003,0.4
1.892,V-TRACK 0%,-1,-0.800,-0.794,0.540,31.0,-0.087,-0.10,0.103,-0.003,0.4
1.896,V-TRACK 0%,-1,-0.884,-0.839,0.545,29.9,-0.103,0.00,0.093,-0.003,0.4
1.900,V-TRACK 0%,-1,-0.884,-0.862,0.547,29.4,-0.119,-0.11,0.083,-0.048,0.5
1.904,V-TRACK 0%,-1,-0.884,-0.873,0.549,29.1,-0.135,-0.11,0.073,-0.048,0.5
1.908,V-TRACK 0%,-1,-0.884,-0.879,0.549,28.9,-0.151,-0.11,0.063,-0.071,0.5
1.912,V-TRACK 0%,-1,-0.950,-0.914,0.539,28.0,-0.167,-0.17,0.053,-0.071,0.5
1.916,V-TRACK 0%,-1,-0.950,-0.932,0.533,27.5,-0.183,0.00,0.043,-0.071,0.5
1.920,V-TRACK 0%,-1,-0.950,-0.941,0.530,27.2,-0.199,-0.05,0.033,-0.120,0.5
1.924,V-TRACK 0%,-1,-0.950,-0.946,0.529,27.1,-0.215,-0.05,0.023,-0.120,0.5
1.928,V-TRACK 0%,-1,-0.950,-0.948,0.528,27.1,-0.231,-0.05,0.013,-0.120,0.5
1.932,V-TRACK 0%,-1,-0.972,-0.960,0.510,27.5,-0.247,-0.10,0.003,-0.149,0.5
1.936,V-TRACK 0%,-1,-0.972,-0.966,0.501,27.7,-0.263,0.00,-0.007,-0.149,0.5
1.940,V-TRACK 0%,-1,-0.972,-0.969,0.496,27.8,-0.279,0.00,-0.017,-0.204,0.5
1.944,V-TRACK 0%,-1,-0.988,-0.978,0.468,28.3,-0.295,-0.05,-0.027,-0.234,0.5
1.948,V-TRACK 0%,-1,-0.988,-0.983,0.453,28.5,-0.311,-0.10,-0.037,-0.269,0.6
1.952,V-TRACK 0%,-1,-0.988,-0.985,0.446,28.7,-0.327,-0.10,-0.047,-0.269,0.6
1.956,V-TRACK 0%,-1,-0.985,-0.985,0.446,28.7,-0.343,-0.10,-0.057,-0.269,0.6
1.960,V-TRACK 0%,-1,-0.985,-0.985,0.446,28.7,-0.338,-0.17,-0.067,-0.296,0.6
1.964,V-TRACK 0%,-1,-0.985,-0.985,0.446,28.7,-0.338,-0.17,-0.077,-0.296,0.6
1.968,V-TRACK 0%,-1,-0.985,-0.985,0.446,28.7,-0.338,-0.17,-0.087,-0.314,0.6
1.972,V-TRACK 0%,-1,-0.985,-0.985,0.446,28.7,-0.322,-0.22,-0.097,-0.314,0.6
1.976,V-TRACK 0%,-1,-0.985,-0.985,0.446,28.7,-0.311,-0.22,-0.107,-0.314,0.6
1.980,V-TRACK 0%,-1,-0.985,-0.985,0.446,28.7,-0.311,-0.22,-0.117,-0.314,0.6
1.984,V-TRACK 0%,-1,-0.985,-0.985,0.446,28.7,-0.295,-0.28,-0.127,-0.329,0.6
1.988,V-TRACK 0%,-1,-0.986,-0.986,0.328,72.0,-0.289,0.00,-0.137,-0.329,0.6
1.992,V-TRACK 0%,-1,-0.986,-0.986,0.328,72.0,-0.273,-0.06,-0.147,-0.333,0.6
1.996,V-TRACK 0%,-1,-0.978,-0.978,0.414,27.9,-0.257,0.00,-0.157,-0.324,0.6
2.000,V-TRACK 0%,-1,-0.978,-0.978,0.414,27.9,-0.241,-0.05,-0.167,-0.316,0.6
2.004,V-TRACK 0%,-1,-0.978,-0.978,0.414,27.9,-0.225,-0.05,-0.177,-0.302,0.6
2.008,V-TRACK 0%,-1,-0.978,-0.978,0.414,27.9,-0.213,-0.05,-0.187,-0.302,0.6
2.012,V-TRACK 0%,-1,-0.972,-0.975,0.497,25.6,-0.197,-0.11,-0.197,-0.302,0.7
2.016,V-TRACK 0%,-1,-0.972,-0.973,0.539,24.5,-0.181,-0.11,-0.205,-0.302,0.7
2.020,V-TRACK 0%,-1,-0.972,-0.973,0.560,23.9,-0.165,-0.17,-0.195,-0.284,0.7
2.024,V-TRACK 0%,-1,-0.972,-0.972,0.570,23.6,-0.149,-0.17,-0.188,-0.284,0.7
2.028,V-TRACK 0%,-1,-0.950,-0.961,0.663,23.8,-0.133,0.00,-0.178,-0.284,0.7
2.032,V-TRACK 0%,-1,-0.950,-0.956,0.709,23.9,-0.117,0.00,-0.168,-0.217,0.7
2.036,V-TRACK 0%,-1,-0.814,-0.814,0.983,34.6,-0.101,0.00,-0.158,-0.182,0.7
2.040,V-TRACK 0%,-1,-0.814,-0.814,0.983,34.6,-0.110,0.00,-0.163,-0.091,0.8
2.044,V-TRACK 0%,-1,-0.814,-0.814,0.983,34.6,-0.114,-0.07,-0.153,-0.069,0.8
2.048,V-TRACK 0%,-1,-0.814,-0.814,0.983,34.6,-0.114,-0.07,-0.148,-0.069,0.8
2.052,V-TRACK 0%,-1,-0.814,-0.814,0.983,34.6,-0.114,-0.07,-0.148,-0.069,0.8
2.056,V-TRACK 0%,-1,-0.814,-0.814,0.983,34.6,-0.114,-0.07,-0.148,-0.050,0.8
2.060,V-TRACK 0%,-1,-0.814,-0.814,0.983,34.6,-0.121,-0.15,-0.138,-0.050,0.8
2.064,V-TRACK 0%,-1,-0.814,-0.814,0.983,34.6,-0.121,-0.15,-0.135,-0.050,0.8
2.068,V-TRACK 0%,-1,-0.814,-0.814,0.983,34.6,-0.121,-0.15,-0.135,-0.050,0.8
2.072,V-TRACK 0%,-1,-0.814,-0.814,0.983,34.6,-0.121,-0.25,-0.132,-0.071,0.8
2.076,V-TRACK 0%,-1,-0.814,-0.814,0.983,34.6,-0.121,-0.25,-0.132,-0.071,0.8
2.080,V-TRACK 0%,-1,0.036,0.036,0.978,108.0,-0.114,0.00,-0.142,-0.102,0.8
2.084,V-TRACK 0%,-1,0.116,0.116,0.969,78.5,-0.108,0.00,-0.152,-0.126,0.9
2.088,V-TRACK 0%,-1,0.364,0.240,0.971,82.5,-0.120,0.00,-0.142,-0.161,0.9
2.092,V-TRACK 0%,-1,0.364,0.302,0.972,84.4,-0.136,0.00,-0.132,-0.175,0.9
2.096,V-TRACK 0%,-1,0.364,0.333,0.972,85.4,-0.152,0.00,-0.122,-0.174,0.9
2.100,V-TRACK 0%,-1,0.333,0.333,0.972,85.4,-0.168,-0.13,-0.112,-0.162,1.0
2.104,V-TRACK 0%,-1,0.333,0.333,0.972,85.4,-0.184,-0.13,-0.102,-0.162,1.0
2.108,V-TRACK 0%,-1,0.333,0.333,0.972,85.4,-0.200,-0.20,-0.092,-0.158,1.0
2.112,V-TRACK 0%,-1,0.333,0.333,0.972,85.4,-0.216,-0.20,-0.082,-0.158,1.0
2.116,V-TRACK 0%,-1,0.333,0.333,0.972,85.4,-0.232,-0.20,-0.072,-0.158,1.0
2.120,V-TRACK 0%,-1,0.333,0.333,0.972,85.4,-0.248,-0.27,-0.062,-0.164,1.0
2.124,V-TRACK 0%,-1,0.333,0.333,0.972,85.4,-0.252,-0.27,-0.054,-0.164,1.0
2.128,V-TRACK 0%,-1,0.333,0.333,0.972,85.4,-0.268,-0.33,-0.064,-0.180,1.0
2.132,V-TRACK 0%,-1,0.333,0.333,0.972,85.4,-0.268,-0.33,-0.074,-0.180,1.0
2.136,V-TRACK 0%,-1,0.333,0.333,0.972,85.4,-0.268,-0.33,-0.077,-0.180,1.0
2.140,V-TRACK 0%,-1,0.333,0.333,0.972,85.4,-0.284,-0.38,-0.087,-0.207,1.0
2.144,V-TRACK 0%,-1,0.333,0.333,0.972,85.4,-0.287,-0.38,-0.097,-0.207,1.0
2.148,V-TRACK 0%,-1,0.333,0.333,0.972,85.4,-0.303,-0.43,-0.107,-0.237,1.0
2.152,V-TRACK 0%,-1,0.333,0.333,0.972,85.4,-0.307,-0.43,-0.117,-0.237,1.0
2.156,V-TRACK 0%,-1,0.333,0.333,0.972,85.4,-0.307,-0.43,-0.127,-0.237,1.0
2.160,V-TRACK 0%,-1,0.333,0.333,0.972,85.4,-0.321,-0.46,-0.137,-0.263,1.0
2.164,V-TRACK 0%,-1,0.333,0.333,0.972,85.4,-0.321,-0.46,-0.147,-0.263,1.0
2.168,V-TRACK 0%,-1,0.333,0.333,0.972,85.4,-0.332,-0.49,-0.157,-0.263,1.0
2.172,V-TRACK 0%,-1,0.333,0.333,0.972,85.4,-0.332,-0.49,-0.167,-0.282,1.0
2.176,V-TRACK 0%,-1,0.333,0.333,0.972,85.4,-0.332,-0.49,-0.177,-0.282,1.0
2.180,V-TRACK 0%,-1,-0.955,-0.955,0.050,15.4,-0.316,0.00,-0.187,-0.299,1.1
2.184,V-TRACK 0%,-1,-0.955,-0.955,0.050,15.4,-0.311,0.00,-0.197,-0.299,1.1
2.188,V-TRACK 0%,-1,-0.955,-0.955,0.050,15.4,-0.311,0.00,-0.207,-0.299,1.1
2.192,V-TRACK 0%,-1,-0.928,-0.941,0.093,12.6,-0.327,0.00,-0.217,-0.299,1.1
2.196,V-TRACK 0%,-1,-0.928,-0.935,0.115,11.1,-0.343,0.00,-0.227,-0.299,1.1
2.200,V-TRACK 0%,-1,-0.928,-0.931,0.125,10.4,-0.359,0.00,-0.237,-0.299,1.1
2.204,V-TRACK 0%,-1,-0.928,-0.930,0.131,10.1,-0.375,0.00,-0.247,-0.299,1.1
2.208,V-TRACK 0%,-1,-0.928,-0.929,0.133,9.9,-0.381,0.00,-0.256,-0.299,1.1
2.212,V-TRACK 0%,-1,-0.928,-0.929,0.135,9.8,-0.381,0.00,-0.256,-0.299,1.1
2.216,V-TRACK 0%,-1,-0.928,-0.928,0.135,9.8,-0.381,0.00,-0.256,-0.299,1.1
2.220,V-TRACK 0%,-1,-0.928,-0.928,0.136,9.7,-0.381,0.00,-0.256,-0.299,1.1
2.224,V-TRACK 0%,-1,-0.928,-0.928,0.136,9.7,-0.381,0.00,-0.256,-0.299,1.1
2.228,V-TRACK 0%,-1,-0.928,-0.928,0.136,9.7,-0.381,0.00,-0.256,-0.299,1.1
2.232,V-TRACK 0%,-1,-0.928,-0.928,0.136,9.7,-0.381,0.00,-0.256,-0.299,1.1
2.236,V-TRACK 0%,-1,-0.928,-0.928,0.136,9.7,-0.381,0.00,-0.256,-0.299,1.1
2.240,V-TRACK 0%,-1,-0.928,-0.928,0.136,9.7,-0.381,0.00,-0.256,-0.299,1.1
2.244,V-TRACK 0%,-1,-0.928,-0.928,0.136,9.7,-0.381,0.00,-0.256,-0.299,1.1
2.248,V-TRACK 0%,-1,-0.928,-0.928,0.136,9.7,-0.381,0.00,-0.256,-0.299,1.1
2.252,V-TRACK 0%,-1,-0.928,-0.928,0.136,9.7,-0.381,0.00,-0.256,-0.299,1.1
2.256,V-TRACK 0%,-1,-0.928,-0.928,0.136,9.7,-0.381,0.00,-0.256,-0.299,1.1
2.260,V-TRACK 0%,-1,-0.928,-0.928,0.136,9.7,-0.381,0.00,-0.256,-0.299,1.1
2.264,V-TRACK 0%,-1,-0.928,-0.928,0.136,9.7,-0.381,0.00,-0.256,-0.299,1.1
2.268,V-TRACK 0%,-1,-0.928,-0.928,0.136,9.7,-0.381,0.00,-0.256,-0.299,1.1
2.272,V-TRACK 0%,-1,-0.928,-0.928,0.136,9.7,-0.381,0.00,-0.256,-0.299,1.1
2.276,V-TRACK 0%,-1,-0.775,-0.852,0.181,9.1,-0.394,-0.02,-0.266,-0.315,1.1
2.280,V-TRACK 0%,-1,-0.775,-0.813,0.203,8.8,-0.394,-0.02,-0.276,-0.315,1.1
2.284,V-TRACK 0%,-1,-0.775,-0.794,0.214,8.6,-0.394,-0.02,-0.286,-0.315,1.1
2.288,V-TRACK 0%,-1,-0.775,-0.785,0.219,8.5,-0.387,0.00,-0.296,-0.315,1.1
2.292,V-TRACK 0%,-1,-0.775,-0.780,0.222,8.5,-0.400,0.00,-0.306,-0.427,1.1
2.296,V-TRACK 0%,-1,-0.775,-0.777,0.224,8.5,-0.400,0.00,-0.316,-0.427,1.1
2.300,V-TRACK 0%,-1,-0.367,-0.572,0.435,9.8,-0.400,0.00,-0.326,-0.528,1.1
2.304,V-TRACK 0%,-1,-0.367,-0.470,0.541,10.4,-0.384,-0.06,-0.336,-0.588,1.1
2.308,V-TRACK 0%,-1,-0.398,-0.398,0.972,37.6,-0.368,0.00,-0.346,-0.588,1.1
2.312,V-TRACK 0%,-1,-0.398,-0.398,0.972,37.6,-0.352,0.00,-0.350,-0.588,1.1
2.316,V-TRACK 0%,-1,-0.398,-0.398,0.972,37.6,-0.336,-0.05,-0.350,-0.612,1.1
2.320,V-TRACK 0%,-1,-0.398,-0.398,0.972,37.6,-0.320,-0.05,-0.350,-0.612,1.1
2.324,V-TRACK 0%,-1,-0.398,-0.398,0.972,37.6,-0.304,-0.05,-0.350,-0.568,1.1
2.328,V-TRACK 0%,-1,-0.398,-0.398,0.972,37.6,-0.288,-0.12,-0.350,-0.568,1.2
2.332,V-TRACK 0%,-1,-0.398,-0.398,0.972,37.6,-0.272,-0.12,-0.350,-0.568,1.2
2.336,V-TRACK 0%,-1,-0.398,-0.398,0.972,37.6,-0.256,-0.19,-0.350,-0.498,1.2
2.340,V-TRACK 0%,-1,-0.398,-0.398,0.972,37.6,-0.240,-0.19,-0.350,-0.498,1.2
2.344,V-TRACK 0%,-1,-0.398,-0.398,0.972,37.6,-0.224,-0.19,-0.350,-0.431,1.2
2.348,V-TRACK 0%,-1,-0.398,-0.398,0.972,37.6,-0.208,-0.28,-0.350,-0.431,1.2
2.352,V-TRACK 0%,-1,-0.398,-0.398,0.972,37.6,-0.192,-0.28,-0.350,-0.431,1.2
2.356,V-TRACK 0%,-1,-0.398,-0.398,0.972,37.6,-0.176,-0.36,-0.350,-0.380,1.2
2.360,V-TRACK 0%,-1,-0.398,-0.398,0.972,37.6,-0.160,-0.36,-0.350,-0.380,1.2
2.364,V-TRACK 0%,-1,-0.398,-0.398,0.972,37.6,-0.144,-0.43,-0.340,-0.338,1.2
2.368,V-TRACK 0%,-1,-0.398,-0.398,0.972,37.6,-0.128,-0.43,-0.330,-0.338,1.2
2.372,V-TRACK 0%,-1,-0.398,-0.398,0.972,37.6,-0.112,-0.49,-0.320,-0.303,1.2
2.376,V-TRACK 0%,-1,-0.398,-0.398,0.972,37.6,-0.096,-0.49,-0.310,-0.303,1.2
2.380,V-TRACK 0%,-1,-0.398,-0.398,0.972,37.6,-0.080,-0.49,-0.300,-0.303,1.2
2.384,V-TRACK 0%,-1,-0.398,-0.398,0.972,37.6,-0.064,-0.53,-0.290,-0.271,1.3
2.388,V-TRACK 0%,-1,-0.398,-0.398,0.972,37.6,-0.048,-0.53,-0.280,-0.271,1.3
2.392,V-TRACK 0%,-1,-0.398,-0.398,0.972,37.6,-0.032,-0.53,-0.270,-0.271,1.3
2.396,V-TRACK 0%,-1,-0.398,-0.398,0.972,37.6,-0.016,-0.56,-0.260,-0.237,1.3
2.400,V-TRACK 0%,-1,-0.398,-0.398,0.972,37.6,0.000,-0.56,-0.250,-0.237,1.3
2.404,V-TRACK 0%,-1,-0.398,-0.398,0.972,37.6,0.016,-0.56,-0.240,-0.200,1.3
2.408,V-TRACK 0%,-1,-0.398,-0.398,0.972,37.6,0.032,-0.58,-0.230,-0.200,1.3
2.412,V-TRACK 0%,-1,-0.398,-0.398,0.972,37.6,0.048,-0.58,-0.220,-0.200,1.3
2.416,V-TRACK 0%,-1,-0.398,-0.398,0.972,37.6,0.064,-0.60,-0.210,-0.157,1.3
2.420,V-TRACK 0%,-1,-0.398,-0.398,0.972,37.6,0.080,-0.60,-0.200,-0.157,1.3
2.424,V-TRACK 0%,-1,-0.398,-0.398,0.972,37.6,0.096,-0.61,-0.190,-0.104,1.3
2.428,V-TRACK 0%,-1,-0.398,-0.398,0.972,37.6,0.112,-0.61,-0.180,-0.104,1.3
2.432,V-TRACK 0%,-1,-0.398,-0.398,0.972,37.6,0.128,-0.61,-0.170,-0.104,1.3
2.436,V-TRACK 0%,-1,-0.398,-0.398,0.972,37.6,0.144,-0.63,-0.160,-0.050,1.3
2.440,V-TRACK 0%,-1,-0.398,-0.398,0.972,37.6,0.160,-0.63,-0.150,-0.050,1.3
2.444,V-TRACK 0%,-1,-0.398,-0.398,0.972,37.6,0.176,-0.69,-0.140,0.019,1.3
2.448,V-TRACK 0%,-1,-0.398,-0.398,0.972,37.6,0.192,-0.69,-0.130,0.019,1.3
2.452,V-TRACK 0%,-1,-0.398,-0.398,0.972,37.6,0.208,-0.75,-0.120,0.096,1.3
2.456,V-TRACK 0%,-1,-0.398,-0.398,0.972,37.6,0.224,-0.75,-0.110,0.096,1.3
2.460,V-TRACK 0%,-1,-0.398,-0.398,0.972,37.6,0.240,-0.75,-0.100,0.156,1.3
2.464,V-TRACK 0%,-1,-0.398,-0.398,0.972,37.6,0.256,-0.77,-0.090,0.156,1.3
2.468,V-TRACK 0%,-1,-0.398,-0.398,0.972,37.6,0.272,-0.77,-0.086,0.156,1.3
2.472,V-TRACK 0%,-1,-0.398,-0.398,0.972,37.6,0.288,-0.78,-0.096,0.192,1.3
2.476,V-TRACK 0%,-1,-0.398,-0.398,0.972,37.6,0.304,-0.78,-0.106,0.192,1.3
2.480,V-TRACK 0%,-1,-0.398,-0.398,0.972,37.6,0.320,-0.83,-0.112,0.204,1.3
2.484,V-TRACK 0%,-1,-0.398,-0.398,0.972,37.6,0.322,-0.83,-0.112,0.204,1.3
2.488,V-TRACK 0%,-1,-0.398,-0.398,0.972,37.6,0.322,-0.83,-0.112,0.204,1.3
2.492,V-TRACK 0%,-1,-0.398,-0.398,0.972,37.6,0.334,-0.86,-0.102,0.216,1.3
2.496,V-TRACK 0%,-1,-0.398,-0.398,0.972,37.6,0.334,-0.86,-0.092,0.216,1.3
2.500,V-TRACK 0%,-1,-0.398,-0.398,0.972,37.6,0.341,-0.86,-0.094,0.234,1.3
2.504,V-TRACK 0%,-1,-0.398,-0.398,0.972,37.6,0.341,-0.86,-0.094,0.234,1.3
2.508,V-TRACK 0%,-1,-0.398,-0.398,0.972,37.6,0.341,-0.86,-0.094,0.269,1.3
2.512,V-TRACK 0%,-1,-0.398,-0.398,0.972,37.6,0.350,-0.85,-0.104,0.269,1.3
2.516,V-TRACK 0%,-1,-0.398,-0.398,0.972,37.6,0.350,-0.85,-0.114,0.269,1.3
2.520,V-TRACK 0%,-1,-0.398,-0.398,0.972,37.6,0.342,-0.87,-0.124,0.314,1.3
2.524,V-TRACK 0%,-1,-0.398,-0.398,0.972,37.6,0.342,-0.87,-0.134,0.314,1.3
2.528,V-TRACK 0%,-1,-0.398,-0.398,0.972,37.6,0.342,-0.87,-0.144,0.347,1.3
2.532,V-TRACK 0%,-1,-0.398,-0.398,0.972,37.6,0.326,-0.88,-0.154,0.347,1.3
2.536,V-TRACK 0%,-1,-0.398,-0.398,0.972,37.6,0.326,-0.88,-0.164,0.347,1.3
2.540,V-TRACK 0%,-1,-0.398,-0.398,0.972,37.6,0.310,-0.85,-0.174,0.363,1.3
2.544,V-TRACK 0%,-1,-0.398,-0.398,0.972,37.6,0.306,-0.85,-0.184,0.363,1.3
2.548,V-TRACK 0%,-1,-0.398,-0.398,0.972,37.6,0.290,-0.81,-0.194,0.363,1.3
2.552,V-TRACK 0%,-1,-0.398,-0.398,0.972,37.6,0.274,-0.81,-0.204,0.367,1.3
2.556,V-TRACK 0%,-1,-0.398,-0.398,0.972,37.6,0.268,-0.81,-0.214,0.367,1.3
2.560,V-TRACK 0%,-1,-0.398,-0.398,0.972,37.6,0.271,-0.79,-0.224,0.363,1.3
2.564,V-TRACK 0%,-1,-0.398,-0.398,0.972,37.6,0.271,-0.79,-0.234,0.363,1.3
2.568,V-TRACK 0%,-1,-0.398,-0.398,0.972,37.6,0.271,-0.79,-0.244,0.363,1.3
2.572,V-TRACK 0%,-1,-0.398,-0.398,0.972,37.6,0.287,-0.81,-0.254,0.324,1.3
2.576,V-TRACK 0%,-1,-0.398,-0.398,0.972,37.6,0.303,-0.81,-0.264,0.324,1.3
2.580,V-TRACK 0%,-1,-0.398,-0.398,0.972,37.6,0.319,-0.79,-0.274,0.282,1.3
2.584,V-TRACK 0%,-1,-0.398,-0.398,0.972,37.6,0.335,-0.79,-0.284,0.282,1.3
2.588,V-TRACK 0%,-1,-0.398,-0.398,0.972,37.6,0.342,-0.79,-0.294,0.250,1.3
2.592,V-TRACK 0%,-1,-0.398,-0.398,0.972,37.6,0.347,-0.75,-0.304,0.250,1.3
2.596,V-TRACK 0%,-1,-0.398,-0.398,0.972,37.6,0.347,-0.75,-0.314,0.250,1.3
2.600,V-TRACK 0%,-1,-0.398,-0.398,0.972,37.6,0.347,-0.75,-0.324,0.253,1.3
2.604,V-TRACK 0%,-1,-0.398,-0.398,0.972,37.6,0.331,-0.72,-0.334,0.253,1.3
2.608,V-TRACK 0%,-1,-0.398,-0.398,0.972,37.6,0.325,-0.72,-0.344,0.253,1.3
2.612,V-TRACK 0%,-1,-0.398,-0.398,0.972,37.6,0.309,-0.73,-0.350,0.253,1.3
2.616,V-TRACK 0%,-1,-0.398,-0.398,0.972,37.6,0.293,-0.73,-0.350,0.314,1.3
2.620,V-TRACK 0%,-1,-0.398,-0.398,0.972,37.6,0.277,-0.73,-0.350,0.314,1.3
2.624,V-TRACK 0%,-1,-0.398,-0.398,0.972,37.6,0.261,-0.73,-0.350,0.376,1.3
2.628,V-TRACK 0%,-1,-0.398,-0.398,0.972,37.6,0.245,-0.73,-0.350,0.376,1.3
2.632,V-TRACK 0%,-1,-0.398,-0.398,0.972,37.6,0.229,-0.73,-0.350,0.376,1.3
2.636,V-TRACK 0%,-1,-0.398,-0.398,0.972,37.6,0.213,-0.69,-0.350,0.396,1.3
2.640,V-TRACK 0%,-1,-0.398,-0.398,0.972,37.6,0.197,-0.69,-0.350,0.396,1.3
2.644,V-TRACK 0%,-1,-0.398,-0.398,0.972,37.6,0.181,-0.69,-0.350,0.396,1.3
2.648,V-TRACK 0%,-1,-0.398,-0.398,0.972,37.6,0.165,-0.68,-0.350,0.372,1.3
2.652,V-TRACK 0%,-1,-0.398,-0.398,0.972,37.6,0.149,-0.68,-0.350,0.372,1.3
2.656,V-TRACK 0%,-1,-0.398,-0.398,0.972,37.6,0.133,-0.68,-0.350,0.290,1.3
2.660,V-TRACK 0%,-1,-0.398,-0.398,0.972,37.6,0.117,-0.71,-0.350,0.290,1.3
2.664,V-TRACK 0%,-1,-0.398,-0.398,0.972,37.6,0.101,-0.71,-0.350,0.187,1.3
2.668,V-TRACK 0%,-1,-0.398,-0.398,0.972,37.6,0.085,-0.73,-0.350,0.187,1.3
2.672,V-TRACK 0%,-1,-0.398,-0.398,0.972,37.6,0.069,-0.73,-0.350,0.187,1.3
2.676,V-TRACK 0%,-1,-0.398,-0.398,0.972,37.6,0.053,-0.73,-0.350,0.101,1.3
2.680,V-TRACK 0%,-1,-0.398,-0.398,0.972,37.6,0.069,-0.71,-0.350,0.101,1.3
2.684,V-TRACK 0%,-1,-0.398,-0.398,0.972,37.6,0.079,-0.71,-0.350,0.101,1.3
2.688,V-TRACK 0%,-1,-0.398,-0.398,0.972,37.6,0.079,-0.71,-0.350,0.024,1.3
2.692,V-TRACK 0%,-1,-0.398,-0.398,0.972,37.6,0.095,-0.67,-0.350,0.024,1.3
2.696,V-TRACK 0%,-1,-0.398,-0.398,0.972,37.6,0.098,-0.67,-0.350,0.024,1.3
2.700,V-TRACK 0%,-1,-0.398,-0.398,0.972,37.6,0.082,-0.65,-0.350,-0.001,1.3
2.704,V-TRACK 0%,-1,-0.398,-0.398,0.972,37.6,0.066,-0.65,-0.350,-0.001,1.3
2.708,V-TRACK 0%,-1,-0.398,-0.398,0.972,37.6,0.053,-0.65,-0.350,0.060,1.3
2.712,V-TRACK 0%,-1,0.988,0.988,-0.611,72.0,0.037,0.00,-0.350,0.138,-8.6
2.716,V-TRACK 0%,-1,0.969,0.969,-0.633,30.9,0.021,0.00,-0.350,0.138,-8.6
2.720,V-TRACK 0%,-1,0.969,0.969,-0.633,30.9,0.005,1.98,-0.350,0.138,-9.1
2.724,V-TRACK 0%,-1,0.953,0.953,-0.658,20.1,-0.011,0.00,-0.350,0.138,-9.6
2.728,V-TRACK 0%,-1,0.953,0.953,-0.658,20.1,-0.027,0.00,-0.350,0.138,-9.6
2.732,V-TRACK 0%,-1,0.939,0.946,-0.668,17.8,-0.043,0.00,-0.350,0.098,-10.1
2.736,V-TRACK 0%,-1,0.939,0.943,-0.673,16.6,-0.059,1.79,-0.350,0.098,-10.5
2.740,V-TRACK 0%,-1,0.969,0.969,-0.714,27.9,-0.075,0.00,-0.350,0.016,-10.5
2.744,V-TRACK 0%,-1,0.969,0.969,-0.714,27.9,-0.091,1.38,-0.350,-0.065,-10.9
2.748,V-TRACK 0%,-1,0.969,0.969,-0.714,27.9,-0.107,1.38,-0.350,-0.065,-10.9
2.752,V-TRACK 0%,-1,0.969,0.969,-0.714,27.9,-0.123,1.38,-0.350,-0.142,-10.9
2.756,V-TRACK 0%,-1,0.969,0.969,-0.714,27.9,-0.139,2.44,-0.350,-0.142,-11.1
2.760,V-TRACK 0%,-1,0.969,0.969,-0.714,27.9,-0.155,2.44,-0.350,-0.142,-11.1
2.764,V-TRACK 0%,-1,0.969,0.969,-0.714,27.9,-0.171,2.44,-0.350,-0.191,-11.1
2.768,V-TRACK 0%,-1,0.969,0.969,-0.714,27.9,-0.187,3.19,-0.350,-0.191,-11.3
2.772,V-TRACK 0%,-1,0.969,0.969,-0.714,27.9,-0.203,3.70,-0.350,-0.191,-11.5
2.776,V-TRACK 0%,-1,0.969,0.969,-0.714,27.9,-0.219,3.70,-0.350,-0.221,-11.5
2.780,V-TRACK 0%,-1,0.969,0.969,-0.714,27.9,-0.235,3.70,-0.350,-0.221,-11.5
2.784,V-TRACK 0%,-1,0.969,0.969,-0.714,27.9,-0.251,3.92,-0.350,-0.246,-11.5
2.788,V-TRACK 0%,-1,0.969,0.969,-0.714,27.9,-0.267,3.92,-0.350,-0.246,-11.5
2.792,V-TRACK 0%,-1,0.969,0.969,-0.714,27.9,-0.283,3.92,-0.350,-0.270,-11.5
2.796,V-TRACK 0%,-1,0.969,0.969,-0.714,27.9,-0.299,3.91,-0.350,-0.270,-11.5
2.800,V-TRACK 0%,-1,0.969,0.969,-0.714,27.9,-0.315,3.76,-0.350,-0.298,-11.5
2.804,V-TRACK 0%,-1,0.969,0.969,-0.714,27.9,-0.331,3.76,-0.350,-0.298,-11.5
2.808,V-TRACK 0%,-1,0.969,0.969,-0.714,27.9,-0.347,3.76,-0.350,-0.298,-11.5
2.812,V-TRACK 0%,-1,0.969,0.969,-0.714,27.9,-0.363,3.53,-0.350,-0.324,-11.4
2.816,V-TRACK 0%,-1,0.969,0.969,-0.714,27.9,-0.379,3.53,-0.350,-0.324,-11.4
2.820,V-TRACK 0%,-1,0.969,0.969,-0.714,27.9,-0.395,3.53,-0.350,-0.343,-11.4
2.824,V-TRACK 0%,-1,0.969,0.969,-0.714,27.9,-0.400,3.20,-0.350,-0.343,-11.3
2.828,V-TRACK 0%,-1,0.969,0.969,-0.714,27.9,-0.400,2.85,-0.350,-0.330,-11.2
2.832,V-TRACK 0%,-1,0.969,0.969,-0.714,27.9,-0.400,2.85,-0.350,-0.330,-11.2
2.836,V-TRACK 0%,-1,0.969,0.969,-0.714,27.9,-0.400,2.85,-0.350,-0.330,-11.2
2.840,V-TRACK 0%,-1,0.969,0.969,-0.714,27.9,-0.400,2.47,-0.350,-0.305,-11.2
2.844,V-TRACK 0%,-1,0.969,0.969,-0.714,27.9,-0.400,2.47,-0.350,-0.305,-11.2
2.848,V-TRACK 0%,-1,0.969,0.969,-0.714,27.9,-0.400,2.47,-0.350,-0.289,-11.2
2.852,V-TRACK 0%,-1,0.969,0.969,-0.714,27.9,-0.400,2.06,-0.350,-0.289,-11.1
2.856,V-TRACK 0%,-1,0.969,0.969,-0.714,27.9,-0.400,2.06,-0.350,-0.289,-11.1
2.860,V-TRACK 0%,-1,0.969,0.969,-0.714,27.9,-0.400,1.64,-0.350,-0.278,-10.9
2.864,V-TRACK 0%,-1,0.969,0.969,-0.714,27.9,-0.400,1.64,-0.350,-0.278,-10.9
2.868,V-TRACK 0%,-1,0.969,0.969,-0.714,27.9,-0.400,1.21,-0.350,-0.265,-10.8
2.872,V-TRACK 0%,-1,0.969,0.969,-0.714,27.9,-0.400,1.21,-0.350,-0.265,-10.8
2.876,V-TRACK 0%,-1,0.969,0.969,-0.714,27.9,-0.400,1.21,-0.350,-0.265,-10.8
2.880,V-TRACK 0%,-1,0.969,0.969,-0.714,27.9,-0.400,0.80,-0.350,-0.278,-10.7
2.884,V-TRACK 0%,-1,0.969,0.969,-0.714,27.9,-0.400,0.80,-0.350,-0.278,-10.7
2.888,V-TRACK 0%,-1,0.969,0.969,-0.714,27.9,-0.400,0.37,-0.350,-0.342,-10.6
2.892,V-TRACK 0%,-1,0.969,0.969,-0.714,27.9,-0.400,0.37,-0.350,-0.342,-10.6
2.896,V-TRACK 0%,-1,0.969,0.969,-0.714,27.9,-0.400,-0.04,-0.350,-0.415,-10.5
2.900,V-TRACK 0%,-1,0.969,0.969,-0.714,27.9,-0.400,-0.04,-0.350,-0.415,-10.5
2.904,V-TRACK 0%,-1,0.969,0.969,-0.714,27.9,-0.400,-0.04,-0.350,-0.415,-10.5
2.908,V-TRACK 0%,-1,0.969,0.969,-0.714,27.9,-0.400,-0.36,-0.350,-0.456,-10.4
2.912,V-TRACK 0%,-1,0.969,0.969,-0.714,27.9,-0.400,-0.36,-0.350,-0.456,-10.4
2.916,V-TRACK 0%,-1,0.969,0.969,-0.714,27.9,-0.400,-0.65,-0.350,-0.477,-10.4
2.920,V-TRACK 0%,-1,0.969,0.969,-0.714,27.9,-0.400,-0.65,-0.350,-0.477,-10.4
2.924,V-TRACK 0%,-1,0.969,0.969,-0.714,27.9,-0.400,-0.65,-0.350,-0.477,-10.4
2.928,V-TRACK 0%,-1,0.969,0.969,-0.714,27.9,-0.400,-0.88,-0.350,-0.484,-10.3
2.932,V-TRACK 0%,-1,0.969,0.969,-0.714,27.9,-0.400,-0.88,-0.350,-0.484,-10.3
2.936,V-TRACK 0%,-1,0.969,0.969,-0.714,27.9,-0.400,-0.88,-0.350,-0.479,-10.3
2.940,V-TRACK 0%,-1,0.969,0.969,-0.714,27.9,-0.400,-1.10,-0.350,-0.479,-10.3
2.944,V-TRACK 0%,-1,0.969,0.969,-0.714,27.9,-0.400,-1.32,-0.350,-0.479,-10.2
2.948,V-TRACK 0%,-1,0.969,0.969,-0.714,27.9,-0.400,-1.32,-0.350,-0.450,-10.2
2.952,V-TRACK 0%,-1,0.969,0.969,-0.714,27.9,-0.400,-1.32,-0.350,-0.450,-10.2
2.956,V-TRACK 0%,-1,0.969,0.969,-0.714,27.9,-0.400,-1.32,-0.350,-0.400,-10.2
2.960,V-TRACK 0%,-1,0.969,0.969,-0.714,27.9,-0.400,-1.52,-0.350,-0.400,-10.2
2.964,V-TRACK 0%,-1,0.969,0.969,-0.714,27.9,-0.400,-1.52,-0.350,-0.400,-10.2
2.968,V-TRACK 0%,-1,0.969,0.969,-0.714,27.9,-0.400,-1.67,-0.350,-0.345,-10.1
2.972,V-TRACK 0%,-1,0.969,0.969,-0.714,27.9,-0.400,-1.67,-0.350,-0.345,-10.1
2.976,V-TRACK 0%,-1,0.969,0.969,-0.714,27.9,-0.400,-1.72,-0.350,-0.305,-10.1
2.980,V-TRACK 0%,-1,0.969,0.969,-0.714,27.9,-0.400,-1.72,-0.350,-0.305,-10.1
2.984,V-TRACK 0%,-1,0.969,0.969,-0.714,27.9,-0.400,-1.76,-0.350,-0.301,-10.1
2.988,V-TRACK 0%,-1,0.969,0.969,-0.714,27.9,-0.400,-1.76,-0.350,-0.301,-10.1
2.992,V-TRACK 0%,-1,0.969,0.969,-0.714,27.9,-0.400,-1.76,-0.350,-0.301,-10.1
2.996,V-TRACK 0%,-1,0.969,0.969,-0.714,27.9,-0.400,-1.82,-0.350,-0.359,-10.1
3.000,V-TRACK 0%,-1,0.969,0.969,-0.714,27.9,-0.400,-1.82,-0.350,-0.359,-10.1
3.004,V-TRACK 0%,-1,0.969,0.969,-0.714,27.9,-0.400,-1.85,-0.350,-0.424,-10.1
3.008,V-TRACK 0%,-1,0.969,0.969,-0.714,27.9,-0.400,-1.85,-0.350,-0.424,-10.1
3.012,V-TRACK 0%,-1,0.969,0.969,-0.714,27.9,-0.400,-1.85,-0.350,-0.460,-10.1
3.016,V-TRACK 0%,-1,0.969,0.969,-0.714,27.9,-0.400,-1.82,-0.350,-0.460,-10.1
3.020,V-TRACK 0%,-1,0.969,0.969,-0.714,27.9,-0.400,-1.82,-0.350,-0.460,-10.1
3.024,V-TRACK 0%,-1,0.969,0.969,-0.714,27.9,-0.400,-1.82,-0.350,-0.468,-10.1
3.028,V-TRACK 95%,-1,0.969,0.969,-0.714,27.9,-0.400,10.00,-0.340,-0.468,-10.1
3.032,V-TRACK 95%,-1,0.969,0.969,-0.714,27.9,-0.400,10.00,-0.330,-0.437,-10.1
3.036,V-TRACK 95%,-1,0.969,0.969,-0.714,27.9,-0.400,10.00,-0.320,-0.437,-10.1
3.040,V-TRACK 95%,-1,0.969,0.969,-0.714,27.9,-0.400,10.00,-0.310,-0.437,-10.1
3.044,V-TRACK 95%,-1,0.969,0.969,-0.714,27.9,-0.400,10.00,-0.300,-0.383,-10.1
3.048,V-TRACK 95%,-1,0.969,0.969,-0.714,27.9,-0.400,10.00,-0.290,-0.383,-10.1
3.052,V-TRACK 0%,-1,0.123,0.123,-0.956,32.0,-0.400,0.00,-0.300,-0.348,-10.1
3.056,V-TRACK 0%,-1,0.123,0.123,-0.956,32.0,-0.400,-0.08,-0.310,-0.348,-10.1
3.060,V-TRACK 0%,-1,0.080,0.102,-0.918,33.3,-0.400,0.00,-0.320,-0.344,-10.1
3.064,V-TRACK 0%,-1,0.080,0.091,-0.899,33.9,-0.400,0.00,-0.330,-0.347,-10.1
3.068,V-TRACK 0%,-1,0.092,0.091,-0.877,34.2,-0.400,-0.31,-0.340,-0.347,-10.0
3.072,V-TRACK 0%,-1,0.092,0.092,-0.866,34.4,-0.400,0.00,-0.350,-0.373,-9.9
3.076,V-TRACK 0%,-1,0.111,0.101,-0.846,34.5,-0.400,0.00,-0.350,-0.373,-9.9
3.080,V-TRACK 0%,-1,0.177,0.139,-0.824,34.5,-0.400,0.00,-0.350,-0.415,-9.8
3.084,V-TRACK 0%,-1,0.177,0.158,-0.814,34.5,-0.400,0.00,-0.350,-0.415,-9.8
3.088,V-TRACK 0%,-1,0.294,0.226,-0.797,33.3,-0.400,0.00,-0.350,-0.442,-9.7
3.092,V-TRACK 0%,-1,0.372,0.299,-0.761,32.6,-0.400,-0.19,-0.350,-0.443,-9.7
3.096,V-TRACK 0%,-1,0.372,0.335,-0.743,32.3,-0.400,-0.19,-0.350,-0.443,-9.7
3.100,V-TRACK 0%,-1,0.372,0.354,-0.734,32.2,-0.400,-0.19,-0.350,-0.443,-9.7
3.104,V-TRACK 0%,-1,0.362,0.358,-0.677,32.1,-0.400,0.00,-0.350,-0.439,-9.6
3.108,V-TRACK 0%,-1,0.362,0.360,-0.648,32.0,-0.400,0.00,-0.350,-0.439,-9.6
3.112,V-TRACK 0%,-1,0.362,0.361,-0.582,32.6,-0.400,0.00,-0.350,-0.439,-9.6
3.116,V-TRACK 0%,-1,0.398,0.380,-0.502,34.3,-0.400,0.00,-0.350,-0.439,-9.6
3.120,V-TRACK 0%,-1,0.445,0.413,-0.419,34.4,-0.400,0.00,-0.350,-0.439,-9.6
3.124,V-TRACK 0%,-1,0.445,0.429,-0.378,34.5,-0.400,-0.08,-0.350,-0.438,-9.6
3.128,V-TRACK 0%,-1,0.445,0.437,-0.357,34.5,-0.400,-0.08,-0.350,-0.438,-9.6
3.132,V-TRACK 0%,-1,0.484,0.461,-0.310,34.5,-0.400,0.00,-0.350,-0.439,-9.6
3.136,V-TRACK 0%,-1,0.484,0.473,-0.287,34.6,-0.400,-0.08,-0.350,-0.438,-9.5
3.140,V-TRACK 0%,-1,0.536,0.504,-0.248,34.6,-0.400,-0.08,-0.350,-0.438,-9.5
3.144,V-TRACK 0%,-1,0.581,0.543,-0.203,34.6,-0.400,-0.08,-0.350,-0.438,-9.5
3.148,V-TRACK 0%,-1,0.581,0.562,-0.181,34.6,-0.400,0.00,-0.350,-0.431,-9.5
3.152,V-TRACK 0%,-1,0.603,0.583,-0.140,35.3,-0.400,0.00,-0.350,-0.424,-9.5
3.156,V-TRACK 0%,-1,0.603,0.593,-0.120,35.6,-0.400,-0.09,-0.350,-0.424,-9.5
3.160,V-TRACK 0%,-1,0.603,0.598,-0.110,35.8,-0.400,-0.09,-0.350,-0.424,-9.5
3.164,V-TRACK 0%,-1,0.631,0.615,-0.073,35.2,-0.400,0.00,-0.350,-0.420,-9.5
3.168,V-TRACK 0%,-1,0.631,0.623,-0.055,34.9,-0.400,0.00,-0.350,-0.419,-9.5
3.172,V-TRACK 0%,-1,0.664,0.643,-0.020,34.7,-0.400,0.00,-0.350,-0.419,-9.5
3.176,V-TRACK 0%,-1,0.703,0.673,0.020,34.0,-0.400,-0.09,-0.350,-0.419,-9.4
3.180,V-TRACK 0%,-1,0.703,0.688,0.041,33.6,-0.400,-0.09,-0.350,-0.419,-9.4
3.184,V-TRACK 0%,-1,0.750,0.719,0.077,34.1,-0.400,-0.19,-0.350,-0.420,-9.4
3.188,V-TRACK 0%,-1,0.750,0.735,0.096,34.3,-0.400,0.00,-0.350,-0.420,-9.4
3.192,V-TRACK 0%,-1,0.750,0.742,0.105,34.4,-0.400,0.00,-0.350,-0.421,-9.4
3.196,V-TRACK 0%,-1,0.798,0.770,0.132,34.5,-0.400,0.00,-0.350,-0.423,-9.4
3.200,V-TRACK 0%,-1,0.850,0.810,0.166,33.9,-0.400,-0.10,-0.350,-0.423,-9.4
3.204,V-TRACK 0%,-1,0.909,0.860,0.208,33.5,-0.400,0.00,-0.350,-0.423,-9.4
3.208,V-TRACK 0%,-1,0.909,0.885,0.229,33.4,-0.400,-0.09,-0.350,-0.425,-9.3
3.212,V-TRACK 0%,-1,0.909,0.897,0.239,33.3,-0.400,-0.09,-0.350,-0.425,-9.3
3.216,V-TRACK 2%,-1,0.964,0.931,0.263,32.7,-0.400,0.34,-0.350,-0.425,-9.3
3.220,V-TRACK 0%,-1,0.964,0.947,0.274,32.3,-0.400,0.00,-0.350,-0.425,-9.3
3.224,V-TRACK 0%,-1,0.992,0.970,0.304,32.8,-0.400,-0.11,-0.350,-0.423,-9.3
3.228,V-TRACK 2%,-1,0.970,0.970,0.304,32.8,-0.400,0.29,-0.350,-0.418,-9.3
3.232,V-TRACK 2%,-1,0.970,0.970,0.304,32.8,-0.400,0.29,-0.350,-0.418,-9.3
3.236,V-TRACK 2%,-1,0.970,0.970,0.304,32.8,-0.400,0.29,-0.350,-0.418,-9.3
3.240,V-TRACK 2%,-1,0.970,0.970,0.304,32.8,-0.400,0.16,-0.350,-0.415,-9.2
3.244,V-TRACK 2%,-1,0.970,0.970,0.304,32.8,-0.400,0.16,-0.350,-0.415,-9.2
3.248,V-TRACK 2%,-1,0.970,0.970,0.304,32.8,-0.400,0.03,-0.350,-0.415,-9.2
3.252,V-TRACK 2%,-1,0.970,0.970,0.304,32.8,-0.400,0.03,-0.350,-0.415,-9.2
