t,phase_or_event,x,y,z,vx,vy,vz,yaw_deg,det_x,det_y,det_area,det_range,fixes,fix_res,rej,unm,cross_ev,cross_lat,cross_dz,fix_cx_sum,fix_al_sum,throttle,roll,pitch,yaw,arm,att_hz,rtt_ms,timeouts,cam_fps,vbat
0.080,ev0,0.00,0.00,0.20,0.00,0.00,0.00,89.6,-0.062,-0.282,0.0900,7.94,0,0.00,0,3,-1,0.000,0.000,0.000,0.000,1243,1503,1559,1512,1800,33,10.1,0,60,24.46
0.181,ev0,0.00,0.00,0.20,0.00,0.00,0.00,89.6,-0.063,-0.283,0.0900,7.86,0,0.00,0,5,-1,0.000,0.000,0.000,0.000,1249,1503,1557,1512,1800,33,10.8,0,60,24.46
0.281,ev0,0.00,0.00,0.12,0.00,0.00,0.00,89.6,-0.067,-0.411,0.0916,7.84,0,0.00,0,8,-1,0.000,0.000,0.000,0.000,1255,1503,1555,1512,1800,33,11.2,0,60,23.92
0.382,ev0,0.00,0.00,0.06,0.00,0.00,0.00,89.6,-0.079,-0.467,0.0946,7.76,0,0.00,0,10,-1,0.000,0.000,0.000,0.000,1262,1503,1554,1512,1800,33,10.3,0,60,23.75
0.482,ev0,0.00,0.00,0.02,0.00,0.00,0.00,88.6,-0.089,-0.479,0.0960,7.68,0,0.00,0,13,-1,0.000,0.000,0.000,0.000,1268,1502,1552,1508,1800,33,10.8,0,60,23.75
0.583,ev0,0.00,0.00,-0.47,0.00,0.00,0.00,88.6,-0.096,-0.443,0.0977,7.60,0,0.00,0,15,-1,0.000,0.000,0.000,0.000,1250,1500,1500,1500,1800,33,11.2,0,60,23.60
0.683,ev0/lm0,0.35,-0.02,-0.82,0.00,0.00,0.00,88.6,-0.095,-0.394,0.0996,7.58,1,0.59,0,17,-1,0.000,0.000,-0.817,-0.318,1250,1500,1500,1500,1800,33,10.5,0,60,23.51
0.784,ev0/lm0,0.75,-0.06,-1.01,0.00,0.00,0.00,88.6,-0.091,-0.224,0.0990,7.55,3,0.33,0,17,-1,0.000,0.000,-1.745,-0.889,1250,1500,1500,1500,1800,33,11.2,0,60,23.51
0.884,ev0/lm0,0.81,-0.10,-0.04,-0.01,0.04,13.69,88.6,-0.090,-0.136,0.1008,7.48,6,0.02,0,17,-1,0.000,0.000,-1.886,-1.405,1000,1500,1500,1500,1800,33,11.7,0,60,23.44
0.984,ev0,0.82,-0.10,1.23,-0.02,0.07,7.25,89.6,-0.087,-0.064,0.1028,7.48,7,0.02,0,18,-1,0.000,0.000,-1.906,-1.445,1035,1392,1796,1500,1800,33,10.3,0,60,23.42
1.085,ev0,0.82,-0.09,1.72,-0.07,0.19,5.40,88.6,-0.067,-0.453,0.1102,7.07,7,0.02,0,21,-1,0.000,0.000,-1.906,-1.445,1035,1359,1784,1500,1800,33,10.9,0,60,23.42
1.185,ev0,0.81,-0.07,1.91,-0.09,0.24,4.12,88.6,-0.042,-0.836,0.0492,6.74,7,0.02,0,23,-1,0.000,0.000,-1.906,-1.445,1035,1359,1784,1500,1800,33,11.0,0,60,23.68
1.286,ev0,0.80,-0.04,1.92,-0.13,0.30,2.32,87.7,-0.015,-1.056,0.0333,6.70,7,0.02,0,26,-1,0.000,0.000,-1.906,-1.445,1106,1438,1627,1483,1800,33,10.6,0,60,23.89
1.386,ev0,0.78,-0.00,1.82,-0.17,0.39,1.05,87.7,-0.001,-1.182,0.0158,6.68,7,0.02,0,28,-1,0.000,0.000,-1.906,-1.445,1219,1472,1560,1484,1800,33,11.0,0,60,23.89
1.487,ev0,0.76,0.05,1.69,-0.25,0.56,0.07,89.7,0.000,-1.011,0.0355,6.55,7,0.02,0,31,-1,0.000,0.000,-1.906,-1.445,1295,1464,1470,1491,1800,33,10.9,0,60,23.83
1.588,ev0,0.73,0.11,1.56,-0.37,0.73,-0.19,91.7,0.014,-0.678,0.0555,6.37,7,0.02,0,33,-1,0.000,0.000,-1.906,-1.445,1315,1475,1465,1499,1800,33,10.0,0,60,23.51
1.688,ev0,0.68,0.19,1.42,-0.48,0.79,-0.20,92.7,0.031,-0.487,0.1170,6.32,7,0.02,0,36,-1,0.000,0.000,-1.906,-1.445,1316,1487,1459,1504,1800,33,11.4,0,60,23.51
1.789,ev0,0.63,0.27,1.39,-0.56,0.79,0.20,92.7,0.038,-0.418,0.1274,6.39,7,0.02,0,38,-1,0.000,0.000,-1.906,-1.445,1287,1495,1452,1505,1800,33,10.7,0,60,23.30
1.889,ev0,0.57,0.35,1.42,-0.61,0.71,1.09,94.7,0.060,-0.432,0.1310,6.50,7,0.02,0,41,-1,0.000,0.000,-1.906,-1.445,1219,1542,1448,1514,1800,33,10.1,0,60,22.92
1.990,ev0,0.51,0.41,1.51,-0.60,0.56,1.87,94.7,0.090,-0.296,0.1348,6.50,7,0.02,0,43,-1,0.000,0.000,-1.906,-1.445,1159,1584,1447,1516,1800,33,12.5,0,60,22.92
2.090,ev0,0.45,0.46,1.57,-0.59,0.49,1.97,93.7,0.071,-0.190,0.1384,6.25,7,0.02,0,46,-1,0.000,0.000,-1.906,-1.445,1152,1597,1459,1514,1800,33,11.2,0,60,23.02
2.191,ev0,0.39,0.51,1.08,-0.55,0.45,-3.37,92.7,0.045,-0.129,0.1429,5.84,7,0.02,0,48,-1,0.000,0.000,-1.906,-1.445,1450,1526,1489,1512,1800,33,10.3,0,60,23.30
2.291,ev0,0.34,0.55,0.02,-0.46,0.42,-4.58,91.7,0.031,-0.118,0.1478,5.58,7,0.02,0,51,-1,0.000,0.000,-1.906,-1.445,1450,1524,1488,1510,1800,33,11.0,0,60,23.30
2.392,ev0/lm0,0.22,0.81,-0.45,-0.36,0.37,-4.43,91.7,0.036,-0.151,0.1535,5.63,9,0.17,0,51,-1,0.000,0.000,-1.721,0.705,1250,1500,1500,1500,1800,33,11.9,0,60,22.87
2.493,ev0/lm0,0.25,1.09,-0.30,-0.23,0.32,-3.20,91.8,0.042,-0.150,0.1598,5.66,12,0.13,0,51,-1,0.000,0.000,-1.816,3.120,1250,1500,1500,1500,1800,33,10.7,0,60,22.90
2.593,ev0/lm0,0.31,1.23,0.26,-0.14,0.29,2.23,91.8,0.048,-0.140,0.1660,5.70,14,0.11,0,51,-1,0.000,0.000,-1.972,4.206,1126,1504,1623,1512,1800,33,10.9,0,60,22.90
2.694,ev0,0.33,1.30,0.84,-0.12,0.27,2.71,91.8,0.048,-0.101,0.1720,5.67,15,0.09,0,53,-1,0.000,0.000,-2.045,4.628,1073,1503,1688,1500,1800,33,11.9,0,60,22.97
2.794,ev0,0.32,1.33,1.19,-0.12,0.28,2.26,91.8,0.038,-0.233,0.1794,5.62,15,0.09,0,55,-1,0.000,0.000,-2.045,4.628,1125,1503,1624,1512,1800,33,10.3,0,60,23.32
2.895,ev0,0.31,1.36,1.38,-0.12,0.33,1.56,91.8,0.033,-0.525,0.1583,5.34,15,0.09,0,58,-1,0.000,0.000,-2.045,4.628,1189,1504,1579,1512,1800,33,11.0,0,60,23.32
2.995,ev0,0.30,1.40,1.42,-0.13,0.42,0.81,90.8,0.024,-0.521,0.1626,5.28,15,0.09,0,60,-1,0.000,0.000,-2.045,4.628,1247,1503,1557,1509,1800,33,12.1,0,60,23.44
3.096,ev0,0.28,1.44,1.44,-0.14,0.52,0.36,90.8,0.017,-0.481,0.1722,5.22,15,0.09,0,63,-1,0.000,0.000,-2.045,4.628,1280,1507,1502,1510,1800,33,10.3,0,60,23.37
3.196,ev0,0.27,1.50,1.48,-0.14,0.60,0.24,90.8,0.016,-0.433,0.1863,5.15,15,0.09,0,65,-1,0.000,0.000,-2.045,4.628,1290,1505,1493,1510,1800,33,10.7,0,60,23.37
3.296,ev0,0.26,1.57,1.56,-0.12,0.65,0.45,90.8,0.015,-0.318,0.2066,5.12,15,0.09,0,68,-1,0.000,0.000,-2.045,4.628,1275,1510,1494,1511,1800,33,12.1,0,60,23.20
3.397,ev0,0.24,1.63,1.61,-0.11,0.68,0.63,90.8,0.017,-0.267,0.2268,5.00,15,0.09,0,70,-1,0.000,0.000,-2.045,4.628,1261,1508,1491,1512,1800,33,10.3,0,60,23.11
3.497,ev0,0.23,1.70,1.63,-0.10,0.69,0.72,90.8,0.016,-0.246,0.2397,4.85,15,0.09,0,73,-1,0.000,0.000,-2.045,4.628,1255,1506,1490,1512,1800,33,12.2,0,60,23.11
3.598,ev0,0.22,1.77,1.63,-0.09,0.68,0.73,89.8,0.009,-0.228,0.2530,4.72,15,0.09,0,75,-1,0.000,0.000,-2.045,4.628,1255,1512,1496,1509,1800,33,12.2,0,60,23.11
3.698,ev0,0.22,1.84,1.62,-0.07,0.67,0.66,89.9,-0.005,-0.207,0.2681,4.57,15,0.09,0,78,-1,0.000,0.000,-2.045,4.628,1261,1508,1498,1509,1800,33,9.9,0,60,23.11
3.798,ev0,0.21,1.90,1.60,-0.06,0.64,0.57,89.9,-0.016,-0.201,0.2800,4.43,15,0.09,0,80,-1,0.000,0.000,-2.045,4.628,1268,1506,1501,1510,1800,33,10.9,0,60,23.11
3.899,ev0,0.20,1.97,1.54,-0.06,0.61,0.45,88.9,-0.027,-0.204,0.2827,4.32,15,0.09,0,83,-1,0.000,0.000,-2.045,4.628,1278,1506,1504,1507,1800,33,12.2,0,60,23.08
4.000,ev0,0.20,2.03,1.49,-0.06,0.60,0.40,88.9,-0.037,-0.199,0.2926,4.19,15,0.09,0,85,-1,0.000,0.000,-2.045,4.628,1282,1506,1506,1507,1800,33,10.7,0,60,23.04
4.100,ev0,0.19,2.09,1.46,-0.06,0.58,0.40,88.9,-0.045,-0.189,0.3103,4.05,15,0.09,0,88,-1,0.000,0.000,-2.045,4.628,1283,1510,1513,1507,1800,33,10.6,0,60,23.04
4.200,ev0,0.19,2.14,1.47,-0.05,0.55,0.49,88.9,-0.055,-0.179,0.3287,3.91,15,0.09,0,90,-1,0.000,0.000,-2.045,4.628,1276,1509,1516,1508,1800,33,12.2,0,60,22.99
4.301,ev0,0.18,2.20,1.52,-0.04,0.54,0.62,88.9,-0.028,-0.225,0.3562,3.43,15,0.09,0,93,-1,0.000,0.000,-2.045,4.628,1266,1508,1517,1508,1800,33,12.0,0,60,22.96
4.401,ev0,0.18,2.25,1.59,-0.03,0.55,0.74,87.9,-0.047,-0.182,0.3785,3.33,15,0.09,0,95,-1,0.000,0.000,-2.045,4.628,1257,1507,1518,1505,1800,33,9.5,0,60,22.96
4.502,ev0,0.32,2.48,1.67,0.01,0.56,0.80,87.9,-0.062,-0.117,0.4091,3.26,16,0.37,0,97,-1,0.000,0.000,-2.303,6.324,1253,1485,1520,1500,1800,33,11.9,0,60,22.98
4.602,ev0,0.32,2.54,1.73,0.00,0.56,0.80,87.9,-0.084,-0.086,0.4601,3.12,16,0.37,0,99,-1,0.000,0.000,-2.303,6.324,1253,1487,1524,1500,1800,33,10.4,0,60,23.01
4.703,ev0,0.32,2.59,1.80,-0.01,0.57,0.80,87.9,-0.094,-0.017,0.5154,3.05,16,0.37,0,102,-1,0.000,0.000,-2.303,6.324,1254,1490,1523,1500,1800,33,9.3,0,60,23.01
4.803,ev0,0.32,2.65,1.87,-0.04,0.59,0.81,87.9,-0.108,0.083,0.5542,2.96,16,0.37,0,104,-1,0.000,0.000,-2.303,6.324,1253,1495,1520,1500,1800,33,12.2,0,60,23.03
4.903,ev0/lm0,0.54,2.89,1.95,-0.00,0.62,0.81,88.0,-0.114,0.214,0.5624,2.92,17,0.48,0,106,-1,0.000,0.000,-2.714,7.980,1254,1463,1520,1491,1800,33,10.9,0,60,23.03
5.004,ev0,0.54,2.96,2.04,-0.02,0.65,0.82,88.0,-0.124,0.310,0.5649,2.87,17,0.48,0,108,-1,0.000,0.000,-2.714,7.980,1252,1469,1520,1491,1800,33,10.4,0,60,23.03
5.104,ev0/lm0,0.75,3.46,2.18,0.01,0.67,0.91,88.0,-0.135,0.407,0.3828,2.77,20,0.20,0,108,-1,0.000,0.000,-3.143,12.142,1245,1442,1498,1479,1800,33,12.0,0,60,23.04
5.205,ev0/lm0,0.89,3.82,2.30,-0.03,0.69,0.93,89.0,-0.175,0.578,0.3674,2.49,22,0.28,0,108,-1,0.000,0.000,-3.438,14.846,1239,1440,1497,1473,1800,33,10.3,0,60,23.06
5.306,ev0/lm0,0.79,4.20,2.41,-0.13,0.68,0.92,90.0,-0.161,0.742,0.3692,2.37,25,0.19,0,108,-1,0.000,0.000,-3.325,17.900,1233,1472,1534,1481,1800,33,9.9,0,60,23.06
5.407,ev0/lm0,0.73,4.43,2.55,-0.23,0.67,0.93,90.0,-0.122,0.878,0.3484,2.33,27,0.13,0,108,-1,0.000,0.000,-3.297,19.521,1225,1507,1544,1483,1800,33,12.3,0,60,23.09
5.507,ev0/lm0,0.61,4.66,2.66,-0.32,0.69,0.87,91.0,-0.087,0.972,0.3785,2.27,30,0.10,0,108,-1,0.000,0.000,-3.159,21.217,1225,1532,1541,1494,1800,33,10.2,0,58,23.14
5.608,ev0/lm0,0.62,4.81,2.77,-0.36,0.71,0.79,91.0,-0.047,1.161,0.3725,2.20,32,0.07,0,108,-1,0.000,0.000,-3.228,21.970,1226,1558,1527,1493,1800,33,9.4,0,58,23.14
5.708,ev0/lm0,0.55,4.98,2.91,-0.36,0.74,0.74,91.0,-0.021,1.374,0.3924,2.08,35,0.06,0,108,-1,0.000,0.000,-3.185,22.922,1224,1559,1527,1498,1800,33,12.1,0,58,23.20
5.809,ev0/lm0,0.53,5.12,3.02,-0.33,0.76,0.66,91.0,0.011,1.544,0.4160,1.93,37,0.06,0,108,-1,0.000,0.000,-3.209,23.543,1224,1560,1524,1500,1800,33,10.0,0,58,23.21
5.909,ev0/lm0,0.52,5.29,3.13,-0.27,0.78,0.59,91.0,0.036,1.664,0.4474,1.81,40,0.05,0,108,-1,0.000,0.000,-3.243,24.417,1222,1562,1520,1501,1800,33,10.0,0,58,23.21
6.009,ev0/lm0,0.51,5.40,3.21,-0.19,0.79,0.48,91.0,0.036,1.667,0.3956,1.81,42,0.03,0,108,-1,0.000,0.000,-3.278,24.718,1225,1536,1554,1505,1800,33,12.1,0,58,23.25
6.110,ev0/lm0,0.53,5.50,3.25,-0.10,0.81,0.32,91.1,0.036,1.658,0.3473,1.81,45,0.01,0,108,-1,0.000,0.000,-3.324,24.888,1222,1486,1440,1507,1800,33,9.9,0,58,23.25
6.210,ev0/lm0,0.52,5.57,3.29,-0.03,0.85,0.19,91.1,0.036,1.631,0.3067,1.81,47,0.01,0,108,-1,0.000,0.000,-3.327,24.824,1226,1482,1439,1507,1800,33,9.5,0,58,23.25
6.311,ev0/lm0,0.52,5.63,3.38,0.02,0.90,0.19,91.1,0.036,1.711,0.2530,1.81,50,0.02,0,108,-1,0.000,0.000,-3.315,24.482,1220,1481,1437,1507,1800,33,12.1,0,58,23.27
6.411,ev0,0.52,5.72,3.45,0.01,0.85,0.17,90.1,0.036,2.561,0.0906,1.81,50,0.02,0,110,-1,0.000,0.000,-3.315,24.482,1215,1476,1438,1503,1800,33,9.5,0,58,23.27
6.512,ev0,0.49,5.77,3.52,-0.01,0.77,0.12,90.1,0.173,0.622,0.0545,10.22,51,0.06,0,112,-1,0.000,0.000,-3.273,24.262,1223,1486,1439,1503,1800,33,8.8,0,60,23.27
6.612,ev0,0.49,5.85,3.57,-0.03,0.69,0.00,90.1,0.170,0.683,0.0570,10.04,51,0.06,0,114,-1,0.000,0.000,-3.273,24.262,1238,1490,1441,1503,1800,33,12.1,0,60,23.30
6.712,ev0,0.49,5.91,3.59,-0.05,0.59,-0.08,90.1,0.173,0.735,0.0603,9.87,51,0.06,0,117,-1,0.000,0.000,-3.273,24.262,1250,1494,1444,1503,1800,33,9.8,0,60,23.27
6.813,ev0,0.48,5.96,3.61,-0.07,0.48,-0.09,90.1,0.179,0.747,0.0599,9.79,51,0.06,0,119,-1,0.000,0.000,-3.273,24.262,1255,1503,1496,1503,1800,33,9.9,0,60,23.27
6.913,ev0,0.47,6.00,3.69,-0.10,0.38,0.05,90.1,0.179,0.744,0.0613,9.54,51,0.06,0,122,-1,0.000,0.000,-3.273,24.262,1250,1508,1502,1503,1800,33,12.9,0,60,23.21
7.014,ev0,0.46,6.04,3.76,-0.09,0.32,0.20,90.1,0.184,0.656,0.0618,9.62,51,0.06,0,124,-1,0.000,0.000,-3.273,24.262,1244,1508,1503,1503,1800,33,11.2,0,60,23.16
7.114,ev0,0.46,6.07,3.81,-0.08,0.28,0.30,90.1,0.192,0.593,0.0615,9.70,51,0.06,0,127,-1,0.000,0.000,-3.273,24.262,1243,1510,1502,1503,1800,33,10.6,0,60,23.16
7.215,ev0,0.45,6.10,3.77,-0.09,0.26,0.24,90.1,0.192,0.565,0.0623,9.54,51,0.06,0,129,-1,0.000,0.000,-3.273,24.262,1254,1511,1499,1503,1800,33,12.2,0,60,23.14
7.315,ev0,0.44,6.12,3.74,-0.08,0.25,0.18,90.2,0.192,0.560,0.0633,9.35,51,0.06,0,132,-1,0.000,0.000,-3.273,24.262,1266,1512,1496,1503,1800,33,11.5,0,60,23.11
7.416,ev0,0.43,6.14,3.72,-0.07,0.23,0.16,90.2,0.195,0.567,0.0642,9.35,51,0.06,0,134,-1,0.000,0.000,-3.273,24.262,1274,1512,1494,1503,1800,33,9.7,0,60,23.11
7.516,ev0,0.42,6.17,3.66,-0.06,0.21,0.11,90.2,0.197,0.582,0.0655,9.28,51,0.06,0,137,-1,0.000,0.000,-3.273,24.262,1284,1511,1493,1504,1800,33,12.1,0,60,23.06
7.617,ev0,0.42,6.19,3.65,-0.04,0.20,0.19,90.2,0.199,0.603,0.0668,9.17,51,0.06,0,139,-1,0.000,0.000,-3.273,24.262,1284,1510,1491,1504,1800,33,10.8,0,60,22.99
7.717,ev0,0.42,6.21,3.66,-0.02,0.18,0.31,90.2,0.201,0.626,0.0680,9.10,51,0.06,0,142,-1,0.000,0.000,-3.273,24.262,1281,1511,1532,1504,1800,33,9.6,0,60,22.99
7.818,ev0,0.41,6.22,3.76,-0.00,0.16,0.55,89.2,0.198,0.661,0.0695,8.95,51,0.06,0,144,-1,0.000,0.000,-3.273,24.262,1259,1509,1534,1500,1800,33,11.8,0,60,22.95
7.918,ev0,0.41,6.24,3.85,-0.00,0.16,0.69,89.2,0.195,0.631,0.0693,8.92,51,0.06,0,147,-1,0.000,0.000,-3.273,24.262,1241,1510,1534,1500,1800,33,12.0,0,60,22.92
8.019,ev0,0.41,6.26,3.91,0.01,0.20,0.74,89.2,0.195,0.596,0.0691,8.95,51,0.06,0,149,-1,0.000,0.000,-3.273,24.262,1231,1509,1526,1500,1800,33,9.9,0,60,22.92
8.119,ev0,0.42,6.28,3.96,0.03,0.26,0.74,89.2,0.197,0.599,0.0697,8.99,51,0.06,0,152,-1,0.000,0.000,-3.273,24.262,1225,1506,1513,1500,1800,33,11.9,0,60,22.97
8.220,ev0,0.42,6.31,4.01,0.06,0.30,0.64,89.2,0.197,0.632,0.0711,8.99,51,0.06,0,154,-1,0.000,0.000,-3.273,24.262,1226,1501,1501,1500,1800,33,11.6,0,60,23.04
8.320,ev0,0.43,6.34,4.04,0.08,0.33,0.50,89.2,0.199,0.697,0.0740,8.89,51,0.06,0,157,-1,0.000,0.000,-3.273,24.262,1232,1496,1490,1500,1800,33,9.6,0,60,23.04
8.420,ev0,0.44,6.38,4.13,0.09,0.35,0.43,89.2,0.198,0.749,0.0704,8.69,51,0.06,0,159,-1,0.000,0.000,-3.273,24.262,1233,1493,1480,1500,1800,33,12.3,0,60,23.09
8.521,ev0,0.45,6.41,4.22,0.08,0.35,0.38,89.3,0.199,0.818,0.0639,8.69,51,0.06,0,162,-1,0.000,0.000,-3.273,24.262,1232,1493,1471,1500,1800,33,10.5,0,60,23.11
8.621,ev0,0.45,6.45,4.28,0.07,0.34,0.33,89.3,0.200,0.897,0.0361,8.59,51,0.06,0,164,-1,0.000,0.000,-3.273,24.262,1230,1496,1518,1500,1800,33,9.7,0,60,23.11
8.722,ev0,0.46,6.48,4.40,0.05,0.32,0.37,89.3,0.201,0.971,0.0338,8.43,51,0.06,0,167,-1,0.000,0.000,-3.273,24.262,1221,1497,1515,1500,1800,33,11.7,0,60,23.13
8.822,ev0,0.46,6.51,4.50,0.03,0.31,0.33,89.3,0.202,0.919,0.0361,8.46,51,0.06,0,169,-1,0.000,0.000,-3.273,24.262,1217,1499,1510,1500,1800,33,10.4,0,60,23.16
8.923,ev0,0.47,6.54,4.58,0.01,0.33,0.26,89.3,0.202,0.897,0.0375,8.40,51,0.06,0,172,-1,0.000,0.000,-3.273,24.262,1217,1502,1500,1500,1800,33,9.5,0,60,23.16
9.025,ev0,0.47,6.58,4.63,-0.01,0.35,0.14,89.3,0.205,0.908,0.0376,8.34,51,0.06,0,174,-1,0.000,0.000,-3.273,24.262,1221,1505,1489,1500,1800,33,10.6,0,60,23.20
9.125,ev0,0.46,6.61,4.64,-0.01,0.37,-0.03,89.3,0.210,0.936,0.0368,8.22,51,0.06,0,177,-1,0.000,0.000,-3.273,24.262,1231,1506,1479,1500,1800,33,10.7,0,60,23.23
9.226,ev0,0.46,6.65,4.63,-0.01,0.38,-0.31,89.3,0.213,0.968,0.0360,8.14,51,0.06,0,179,-1,0.000,0.000,-3.273,24.262,1252,1506,1472,1501,1800,33,9.8,0,60,23.23
9.326,ev0,0.46,6.69,4.61,-0.02,0.40,-0.70,89.3,0.211,0.947,0.0376,8.05,51,0.06,0,182,-1,0.000,0.000,-3.273,24.262,1285,1505,1467,1501,1800,33,10.9,0,60,23.44
9.426,ev0,0.46,6.73,4.49,-0.03,0.42,-1.49,89.3,0.211,0.931,0.0391,8.00,51,0.06,0,184,-1,0.000,0.000,-3.273,24.262,1348,1506,1467,1501,1800,33,10.8,0,60,23.58
9.527,ev0,0.46,6.78,4.33,-0.04,0.45,-2.19,89.3,0.209,0.882,0.0425,7.92,51,0.06,0,187,-1,0.000,0.000,-3.273,24.262,1403,1507,1493,1501,1800,33,10.6,0,60,23.58
9.627,ev0,0.45,6.82,4.20,-0.07,0.48,-2.50,89.3,0.209,0.810,0.0763,7.86,51,0.06,0,189,-1,0.000,0.000,-3.273,24.262,1431,1509,1486,1501,1800,33,11.0,0,60,23.70
9.728,ev0,0.44,6.87,4.11,-0.12,0.51,-1.89,89.4,0.225,0.731,0.0867,7.73,51,0.06,0,192,-1,0.000,0.000,-3.273,24.262,1393,1515,1477,1501,1800,33,11.4,0,60,23.02
9.828,ev0,0.43,6.92,4.12,-0.11,0.51,-1.10,90.4,0.234,0.662,0.0960,7.71,51,0.06,0,194,-1,0.000,0.000,-3.273,24.262,1343,1518,1466,1504,1800,33,10.0,0,60,23.02
9.929,ev0,0.42,6.97,4.28,-0.08,0.48,-0.15,90.4,0.241,0.640,0.1016,7.63,51,0.06,0,197,-1,0.000,0.000,-3.273,24.262,1280,1520,1454,1504,1800,33,10.9,0,60,22.73
10.029,ev0,0.41,7.02,4.42,-0.05,0.45,0.57,90.4,0.235,0.624,0.1024,7.46,51,0.06,0,199,-1,0.000,0.000,-3.273,24.262,1230,1521,1441,1504,1800,33,11.1,0,60,22.89
10.130,ev0,0.41,7.06,4.01,-0.05,0.45,-0.92,89.4,0.226,0.579,0.1045,7.46,51,0.06,0,202,-1,0.000,0.000,-3.273,24.262,1348,1512,1464,1501,1800,33,9.9,0,60,22.89
10.230,ev0,0.40,7.11,3.53,-0.07,0.47,-2.15,89.4,0.220,0.533,0.1054,7.36,51,0.06,0,204,-1,0.000,0.000,-3.273,24.262,1442,1509,1473,1501,1800,33,11.1,0,60,23.21
10.331,ev0,0.39,7.16,3.10,-0.08,0.49,-3.07,89.4,0.218,0.447,0.1078,7.32,51,0.06,0,207,-1,0.000,0.000,-3.273,24.262,1450,1502,1528,1499,1800,33,11.1,0,60,23.09
10.431,ev0,0.39,7.21,2.81,-0.07,0.50,-2.95,89.4,0.220,0.375,0.1094,7.25,51,0.06,0,209,-1,0.000,0.000,-3.273,24.262,1450,1517,1523,1499,1800,33,9.4,0,60,23.09
10.532,ev0,0.38,7.26,2.89,-0.06,0.49,-1.86,89.4,0.221,0.325,0.1103,7.27,51,0.06,0,212,-1,0.000,0.000,-3.273,24.262,1439,1502,1529,1499,1800,33,10.3,0,60,22.73
10.632,ev1,0.37,7.31,2.91,-0.05,0.47,-0.83,88.4,0.215,0.283,0.1118,7.09,51,0.06,0,214,0,0.112,1.627,-3.273,24.262,1370,1501,1536,1522,1800,33,11.3,0,60,22.54
10.734,ev1,0.37,7.35,2.82,-0.03,0.46,-0.28,88.4,0.218,0.263,0.1133,7.18,51,0.06,0,217,0,0.112,1.627,-3.273,24.262,1330,1501,1541,1522,1800,33,9.4,0,60,22.54
10.835,ev1,0.37,7.40,2.61,-0.01,0.45,-0.09,88.5,0.216,0.260,0.1156,7.11,51,0.06,0,219,0,0.112,1.627,-3.273,24.262,1318,1501,1543,1522,1800,33,10.6,0,60,22.50
10.935,ev1,0.21,7.76,2.43,-0.01,0.45,-0.89,88.5,0.213,0.261,0.1175,7.05,52,0.58,0,221,0,0.112,1.627,-2.799,26.993,1375,1504,1535,1527,1800,33,11.0,0,60,22.76
11.036,ev1,0.21,7.80,2.29,-0.02,0.46,-1.19,88.5,0.207,0.253,0.1196,6.92,52,0.58,0,223,0,0.112,1.627,-2.799,26.993,1397,1504,1533,1527,1800,33,11.3,0,60,22.95
11.136,ev1,0.21,7.85,2.15,-0.03,0.46,-1.50,88.5,0.203,0.244,0.1214,6.86,52,0.58,0,226,0,0.112,1.627,-2.799,26.993,1419,1504,1531,1527,1800,33,11.0,0,60,22.95
11.237,ev1,0.21,7.90,2.10,-0.02,0.47,-1.63,87.5,0.204,0.226,0.1229,6.88,52,0.58,0,228,0,0.112,1.627,-2.799,26.993,1429,1503,1530,1524,1800,33,11.2,0,60,23.09
11.337,ev1,0.20,7.95,2.06,-0.03,0.48,-1.74,87.5,0.202,0.193,0.1250,6.82,52,0.58,0,231,0,0.112,1.627,-2.799,26.993,1437,1503,1529,1524,1800,33,10.5,0,60,23.19
11.438,ev1,0.20,8.00,1.98,-0.03,0.49,-1.88,87.5,0.196,0.150,0.1274,6.72,52,0.58,0,233,0,0.112,1.627,-2.799,26.993,1448,1503,1528,1524,1800,33,11.3,0,60,23.19
11.538,ev1,0.20,8.05,1.90,-0.04,0.51,-2.00,87.5,0.192,0.094,0.1287,6.63,52,0.58,0,236,0,0.112,1.627,-2.799,26.993,1450,1524,1516,1525,1800,33,11.0,0,60,23.28
11.639,ev1,0.19,8.10,1.81,-0.03,0.52,-2.21,87.5,0.199,0.031,0.1308,6.68,52,0.58,0,238,0,0.112,1.627,-2.799,26.993,1450,1523,1517,1525,1800,33,10.2,0,60,23.40
11.739,ev1,0.19,8.15,1.67,-0.03,0.53,-2.37,87.5,0.195,-0.053,0.1323,6.51,52,0.58,0,241,0,0.112,1.627,-2.799,26.993,1450,1524,1515,1525,1800,33,10.5,0,60,23.40
11.840,ev1,0.19,8.20,1.54,-0.03,0.55,-2.10,87.5,0.199,-0.139,0.1339,6.50,52,0.58,0,243,0,0.112,1.627,-2.799,26.993,1450,1524,1514,1525,1800,33,11.2,0,60,23.04
11.941,ev1,0.18,8.26,1.48,-0.03,0.53,-1.46,87.5,0.197,-0.210,0.1361,6.44,52,0.58,0,246,0,0.112,1.627,-2.799,26.993,1419,1525,1518,1526,1800,33,10.1,0,60,22.83
12.042,ev1,0.18,8.31,1.46,-0.02,0.53,-0.77,87.6,0.197,-0.268,0.1379,6.37,52,0.58,0,248,0,0.112,1.627,-2.799,26.993,1370,1527,1523,1526,1800,33,10.7,0,60,22.83
12.142,ev1,0.18,8.37,1.33,-0.02,0.56,-0.56,87.6,0.203,-0.292,0.1405,6.32,52,0.58,0,251,0,0.112,1.627,-2.799,26.993,1355,1529,1524,1526,1800,33,10.8,0,60,22.64
12.243,ev1,0.18,8.43,1.10,-0.03,0.59,-0.17,87.6,0.206,-0.287,0.1436,6.25,52,0.58,0,253,0,0.112,1.627,-2.799,26.993,1328,1535,1522,1527,1800,33,9.9,0,60,22.61
12.345,ev1,0.17,8.49,0.72,-0.04,0.63,-1.40,87.6,0.209,-0.267,0.1460,6.29,52,0.58,0,256,0,0.112,1.627,-2.799,26.993,1416,1528,1512,1527,1800,33,12.2,0,60,22.61
12.446,ev1,0.17,8.55,0.48,-0.07,0.65,-2.26,86.6,0.198,-0.253,0.1490,6.15,52,0.58,0,258,0,0.112,1.627,-2.799,26.993,1450,1528,1505,1524,1800,33,11.4,0,60,22.99
12.546,ev1,0.16,8.62,0.32,-0.09,0.67,-2.86,86.6,0.193,-0.272,0.1514,6.12,52,0.58,0,261,0,0.112,1.627,-2.799,26.993,1450,1528,1505,1524,1800,33,10.5,0,60,23.20
12.647,ev1,0.15,8.69,0.23,-0.10,0.70,-1.71,86.6,0.191,-0.319,0.1537,6.07,52,0.58,0,263,0,0.112,1.627,-2.799,26.993,1439,1529,1506,1525,1800,33,11.0,0,60,23.20
12.747,ev1,0.14,8.76,0.37,-0.10,0.71,-1.09,86.6,0.192,-0.368,0.1560,6.02,52,0.58,0,266,0,0.112,1.627,-2.799,26.993,1395,1532,1506,1526,1800,33,12.3,0,60,23.21
12.848,ev1,0.13,8.82,0.55,-0.22,0.44,0.93,86.6,0.220,-0.436,0.1488,5.83,52,0.58,0,268,0,0.112,1.627,-2.799,26.993,1247,1513,1556,1526,1800,33,10.0,0,60,22.89
12.948,ev1,0.10,8.84,0.79,-0.28,0.21,2.32,86.6,0.207,-0.360,0.1603,5.96,52,0.58,0,271,0,0.112,1.627,-2.799,26.993,1134,1530,1613,1527,1800,33,10.4,0,60,22.89
13.049,ev1,0.07,8.87,0.01,-0.29,0.26,-4.11,86.6,0.202,-0.335,0.1641,5.92,52,0.58,0,273,0,0.112,1.627,-2.799,26.993,1450,1507,1528,1528,1800,33,12.1,0,60,22.90
13.150,ev1,-0.01,9.16,-1.05,-0.34,0.30,-5.51,86.6,0.209,-0.281,0.1646,5.99,53,0.45,0,275,0,0.112,1.627,-2.580,29.440,1250,1500,1500,1500,1800,33,10.1,0,60,23.18
13.250,ev1/lm1,-0.10,9.67,-1.69,-0.40,0.34,-6.31,86.7,0.217,-0.274,0.1669,5.84,55,0.40,0,275,0,0.112,1.627,-2.252,33.845,1250,1500,1500,1500,1800,33,10.8,0,60,23.18
13.350,ev1/lm1,0.01,10.19,-1.03,-0.40,0.37,-1.87,86.7,0.221,-0.290,0.1669,5.93,58,0.25,0,275,0,0.112,1.627,-2.300,38.840,1250,1500,1500,1500,1800,33,11.9,0,60,23.39
13.451,ev1/lm1,0.07,10.47,-0.11,-0.40,0.40,3.94,86.7,0.220,-0.343,0.1685,5.78,60,0.22,0,275,0,0.112,1.627,-2.385,41.332,1000,1500,1500,1500,1800,33,10.3,0,60,23.54
13.551,ev1,0.03,10.51,0.60,-0.42,0.29,5.52,85.7,0.207,-0.499,0.1448,5.67,60,0.22,0,278,0,0.112,1.627,-2.385,41.332,1035,1692,1757,1500,1800,33,10.8,0,60,23.54
13.652,ev1,-0.04,10.52,0.93,-0.72,0.03,6.06,85.7,0.250,-0.497,0.1497,5.32,60,0.22,0,280,0,0.112,1.627,-2.385,41.332,1035,1486,1810,1500,1800,33,11.9,0,60,23.09
13.753,ev1,-0.11,10.52,0.56,-0.74,-0.02,-0.64,85.7,0.217,-0.408,0.1614,5.66,60,0.22,0,283,0,0.112,1.627,-2.385,41.332,1364,1496,1536,1539,1800,33,10.3,0,60,23.32
13.853,ev1,-0.18,10.52,0.19,-0.76,0.01,-1.83,85.7,0.213,-0.399,0.1617,5.73,60,0.22,0,285,0,0.112,1.627,-2.385,41.332,1450,1498,1528,1541,1800,33,10.3,0,60,23.32
13.954,ev1,-0.26,10.52,0.05,-0.76,0.04,-2.51,85.7,0.220,-0.443,0.1570,5.70,60,0.22,0,288,0,0.112,1.627,-2.385,41.332,1450,1499,1528,1544,1800,33,11.8,0,60,23.51
14.054,ev1,-0.33,10.51,0.11,-0.72,-0.25,1.14,85.7,0.246,-0.524,0.1469,5.48,60,0.22,0,290,0,0.112,1.627,-2.385,41.332,1233,1476,1557,1546,1800,33,10.2,0,60,23.11
14.155,ev1,-0.40,10.47,0.23,-0.68,-0.47,1.81,85.7,0.245,-0.435,0.1598,5.67,60,0.22,0,293,0,0.112,1.627,-2.385,41.332,1182,1447,1564,1547,1800,33,10.0,0,60,23.11
14.255,ev1,-0.47,10.42,0.08,-0.68,-0.45,0.53,85.7,0.232,-0.407,0.1632,5.67,60,0.22,0,295,0,0.112,1.627,-2.385,41.332,1281,1470,1539,1549,1800,33,12.1,0,60,23.30
14.356,ev1,-0.54,10.38,-0.05,-0.69,-0.41,-0.40,85.7,0.232,-0.435,0.1587,5.76,60,0.22,0,298,0,0.112,1.627,-2.385,41.332,1250,1500,1500,1500,1800,33,12.1,0,60,23.51
14.456,ev1,-0.61,10.34,0.02,-0.70,-0.38,-0.98,86.8,0.273,-0.524,0.1496,5.46,60,0.22,0,300,0,0.112,1.627,-2.385,41.332,1391,1482,1528,1555,1800,33,9.6,0,60,23.51
14.557,ev1,-0.68,10.30,0.03,-0.71,-0.36,-1.45,89.8,0.345,-0.482,0.1592,5.21,60,0.22,0,303,0,0.112,1.627,-2.385,41.332,1425,1486,1527,1567,1800,33,17.1,0,60,23.66
14.658,ev1,-0.75,10.27,0.16,-0.61,-0.34,0.43,88.8,0.323,-0.493,0.1556,5.54,60,0.22,0,305,0,0.112,1.627,-2.385,41.332,1291,1476,1541,1565,1800,33,10.6,0,60,23.78
14.758,ev1,-0.80,10.23,0.35,-0.46,-0.35,1.18,88.8,0.308,-0.481,0.1576,5.58,60,0.22,0,308,0,0.112,1.627,-2.385,41.332,1233,1461,1548,1566,1800,33,11.1,0,60,23.78
14.859,ev1,-0.83,10.19,0.47,-0.22,-0.42,1.29,88.8,0.308,-0.481,0.1585,5.55,60,0.22,0,310,0,0.112,1.627,-2.385,41.332,1224,1527,1559,1567,1800,33,12.4,0,60,23.87
14.960,ev1,-0.85,10.15,0.54,-0.12,-0.45,1.21,88.8,0.307,-0.476,0.1580,5.59,60,0.22,0,313,0,0.112,1.627,-2.385,41.332,1231,1524,1557,1567,1800,33,10.3,0,60,23.94
15.061,ev1,-0.86,10.10,0.56,-0.07,-0.46,1.06,88.8,0.308,-0.483,0.1580,5.55,60,0.22,0,315,0,0.112,1.627,-2.385,41.332,1243,1522,1555,1567,1800,33,11.3,0,60,23.94
15.162,ev1,-0.86,10.05,0.56,-0.07,-0.46,0.91,88.8,0.307,-0.479,0.1582,5.56,60,0.22,0,318,0,0.112,1.627,-2.385,41.332,1255,1521,1552,1566,1800,33,12.6,0,60,23.99
15.262,ev1,-0.87,10.01,0.55,-0.07,-0.46,0.76,88.8,0.306,-0.478,0.1581,5.58,60,0.22,0,320,0,0.112,1.627,-2.385,41.332,1266,1520,1549,1566,1800,33,10.4,0,60,24.04
15.363,ev1,-0.88,9.96,0.54,-0.07,-0.46,0.63,88.8,0.307,-0.482,0.1580,5.56,60,0.22,0,323,0,0.112,1.627,-2.385,41.332,1277,1519,1547,1566,1800,33,11.3,0,60,24.04
15.464,ev1,-0.89,9.92,0.52,-0.07,-0.46,0.52,88.8,0.307,-0.479,0.1582,5.56,60,0.22,0,325,0,0.112,1.627,-2.385,41.332,1286,1518,1545,1566,1800,33,11.9,0,60,24.06
15.564,ev1,-0.89,9.87,0.53,-0.07,-0.46,0.45,88.8,0.307,-0.482,0.1582,5.56,60,0.22,0,328,0,0.112,1.627,-2.385,41.332,1292,1517,1544,1565,1800,33,9.7,0,60,24.09
15.666,ev1,-0.90,9.82,0.55,-0.07,-0.46,0.41,88.9,0.307,-0.479,0.1581,5.56,60,0.22,0,330,0,0.112,1.627,-2.385,41.332,1295,1517,1544,1565,1800,33,10.3,0,60,24.09
15.766,ev1,-0.91,9.78,0.56,-0.07,-0.46,0.36,87.9,0.308,-0.481,0.1583,5.55,60,0.22,0,333,0,0.112,1.627,-2.385,41.332,1299,1516,1543,1562,1800,33,11.0,0,60,24.11
15.867,ev1,-0.91,9.73,0.54,-0.07,-0.46,0.28,87.9,0.306,-0.475,0.1581,5.58,60,0.22,0,335,0,0.112,1.627,-2.385,41.332,1305,1515,1542,1561,1800,33,10.9,0,60,24.13
15.967,ev1,-0.92,9.68,0.50,-0.07,-0.46,0.18,87.9,0.307,-0.482,0.1581,5.56,60,0.22,0,338,0,0.112,1.627,-2.385,41.332,1312,1515,1541,1561,1800,33,9.8,0,60,24.13
16.067,ev1,-0.93,9.64,0.47,-0.07,-0.46,0.11,87.9,0.307,-0.479,0.1581,5.56,60,0.22,0,340,0,0.112,1.627,-2.385,41.332,1318,1514,1540,1561,1800,33,11.7,0,60,24.13
16.168,ev1,-0.94,9.59,0.45,-0.08,-0.46,0.07,87.9,0.306,-0.479,0.1582,5.59,60,0.22,0,343,0,0.112,1.627,-2.385,41.332,1321,1514,1540,1561,1800,33,10.5,0,60,24.14
16.268,ev1,-0.94,9.55,0.44,-0.08,-0.46,0.04,87.9,0.308,-0.481,0.1581,5.55,60,0.22,0,345,0,0.112,1.627,-2.385,41.332,1324,1514,1539,1561,1800,33,10.0,0,60,24.14
16.369,ev1,-0.95,9.50,0.43,-0.08,-0.46,0.02,87.9,0.306,-0.481,0.1581,5.58,60,0.22,0,348,0,0.112,1.627,-2.385,41.332,1325,1514,1539,1560,1800,33,12.4,0,60,24.14
16.470,ev1,-0.96,9.46,0.43,-0.08,-0.46,0.00,87.9,0.306,-0.478,0.1581,5.58,60,0.22,0,350,0,0.112,1.627,-2.385,41.332,1326,1530,1529,1560,1800,33,9.3,0,60,24.16
16.570,ev1,-0.97,9.41,0.42,-0.08,-0.46,-0.00,87.9,0.307,-0.482,0.1582,5.56,60,0.22,0,353,0,0.112,1.627,-2.385,41.332,1327,1529,1529,1560,1800,33,9.9,0,60,24.16
16.671,ev1,-0.98,9.36,0.42,-0.08,-0.46,-0.01,87.9,0.310,-0.483,0.1582,5.52,60,0.22,0,355,0,0.112,1.627,-2.385,41.332,1328,1529,1529,1560,1800,33,11.7,0,60,24.18
16.771,ev1,-0.98,9.32,0.42,-0.08,-0.46,-0.01,87.9,0.307,-0.482,0.1582,5.56,60,0.22,0,358,0,0.112,1.627,-2.385,41.332,1329,1529,1530,1560,1800,33,10.2,0,60,24.18
16.872,ev1,-0.99,9.27,0.42,-0.09,-0.45,-0.02,88.0,0.307,-0.479,0.1581,5.56,60,0.22,0,360,0,0.112,1.627,-2.385,41.332,1329,1528,1530,1560,1800,33,10.4,0,60,24.18
16.972,ev1,-1.00,9.23,0.42,-0.09,-0.45,-0.02,88.0,0.308,-0.481,0.1581,5.55,60,0.22,0,363,0,0.112,1.627,-2.385,41.332,1330,1528,1530,1560,1800,33,11.7,0,60,24.20
17.073,ev1,-1.01,9.18,0.42,-0.09,-0.45,-0.02,88.0,0.307,-0.479,0.1582,5.59,60,0.22,0,365,0,0.112,1.627,-2.385,41.332,1330,1527,1530,1559,1800,33,10.2,0,60,24.20
17.173,ev1,-1.02,9.14,0.42,-0.09,-0.45,-0.02,88.0,0.307,-0.479,0.1582,5.56,60,0.22,0,368,0,0.112,1.627,-2.385,41.332,1330,1527,1531,1559,1800,33,10.0,0,60,24.20
17.274,ev1,-1.03,9.09,0.46,-0.09,-0.45,0.05,88.0,0.306,-0.478,0.1582,5.58,60,0.22,0,370,0,0.112,1.627,-2.385,41.332,1326,1527,1531,1559,1800,33,12.1,0,60,24.20
17.374,ev1,-1.04,9.04,0.47,-0.09,-0.45,0.04,88.0,0.307,-0.479,0.1581,5.56,60,0.22,0,373,0,0.112,1.627,-2.385,41.332,1326,1527,1532,1559,1800,33,10.0,0,60,24.21
17.475,ev1,-1.05,9.00,0.45,-0.09,-0.45,0.01,88.0,0.306,-0.475,0.1581,5.60,60,0.22,0,375,0,0.112,1.627,-2.385,41.332,1329,1526,1531,1559,1800,33,9.9,0,60,24.21
17.575,ev1,-1.06,8.95,0.43,-0.09,-0.45,-0.01,88.0,0.307,-0.476,0.1581,5.59,60,0.22,0,378,0,0.112,1.627,-2.385,41.332,1331,1526,1531,1559,1800,33,12.3,0,60,24.21
17.676,ev1,-1.07,8.91,0.43,-0.10,-0.45,-0.03,88.0,0.309,-0.479,0.1582,5.56,60,0.22,0,380,0,0.112,1.627,-2.385,41.332,1332,1525,1532,1559,1800,33,10.0,0,60,24.21
17.776,ev1,-1.08,8.86,0.42,-0.10,-0.45,-0.03,88.0,0.307,-0.479,0.1580,5.59,60,0.22,0,383,0,0.112,1.627,-2.385,41.332,1333,1525,1532,1559,1800,33,9.7,0,60,24.21
17.877,ev1,-1.09,8.82,0.46,-0.10,-0.44,0.03,88.0,0.309,-0.482,0.1583,5.56,60,0.22,0,385,0,0.112,1.627,-2.385,41.332,1329,1525,1532,1559,1800,33,12.0,0,60,24.21
17.978,ev1,-1.10,8.77,0.47,-0.10,-0.45,0.03,88.0,0.306,-0.481,0.1581,5.58,60,0.22,0,388,0,0.112,1.627,-2.385,41.332,1329,1525,1532,1559,1800,33,8.3,0,60,24.21
18.078,ev1,-1.11,8.73,0.45,-0.10,-0.45,-0.01,88.1,0.307,-0.479,0.1583,5.56,60,0.22,0,390,0,0.112,1.627,-2.385,41.332,1332,1524,1532,1558,1800,33,10.1,0,60,24.21
18.179,ev1,-1.12,8.68,0.43,-0.10,-0.45,-0.03,88.1,0.307,-0.479,0.1582,5.56,60,0.22,0,393,0,0.112,1.627,-2.385,41.332,1334,1524,1532,1558,1800,33,12.6,0,60,24.21
18.279,ev1,-1.13,8.64,0.42,-0.10,-0.45,-0.04,88.1,0.307,-0.482,0.1582,5.56,60,0.22,0,395,0,0.112,1.627,-2.385,41.332,1335,1524,1532,1558,1800,33,11.5,0,60,24.21
18.380,ev1,-1.14,8.59,0.42,-0.11,-0.45,-0.04,88.1,0.306,-0.472,0.1581,5.60,60,0.22,0,398,0,0.112,1.627,-2.385,41.332,1336,1523,1532,1558,1800,33,10.2,0,60,24.21
18.481,ev1,-1.15,8.55,0.42,-0.11,-0.44,-0.04,88.1,0.309,-0.482,0.1581,5.56,60,0.22,0,400,0,0.112,1.627,-2.385,41.332,1336,1523,1533,1558,1800,33,12.0,0,60,24.23
18.581,ev1,-1.16,8.51,0.42,-0.11,-0.44,-0.04,88.1,0.306,-0.478,0.1582,5.58,60,0.22,0,403,0,0.112,1.627,-2.385,41.332,1336,1523,1533,1558,1800,33,11.4,0,60,24.23
